date,action,entry_price,exit_price,exit_reason,pnl_pct,win,days_held,bias_score,regime,sentiment,sector_assessment,rate_assessment,raw_signal
2024-01-02,no_trade,,,NO_TRADE,,,,0.35,Choppy,Neutral,QQQ价格仍高于EMA20，显示科技板块整体趋势偏多。但GOOGL/QQQ相对强度比率在过去5日下跌0.4%，表明GOOGL近期表现逊于板块整体，存在板块内资金轮动压力。,10年期国债收益率升至3.946%，且过去5日呈上升趋势，对GOOGL等成长股的估值倍数构成温和压力。收益率虽未超过4.5%的极端阈值，但上行方向需谨慎看待多头敞口。,"{""asset"": ""GOOGL"", ""regime"": ""Choppy"", ""action"": ""no_trade"", ""bias_score"": 0.35, ""entry_zone"": ""136.23 – 137.85"", ""profit_target"": null, ""stop_loss"": null, ""risk_reward_ratio"": null, ""invalidation_condition"": ""价格放量突破今日高点138.31并站稳，或放量跌破今日低点135.36及EMA50支撑位134.0。"", ""macro_catalyst"": ""收益率上行与美元走强构成逆风，板块内相对强度转弱。市场缺乏明确的AI或云业务相关催化剂来驱动方向性突破。"", ""technical_setup"": ""EMA多头排列(20>50>200)提供长期支撑，但ADX(18.6)<20表明趋势强度弱。MACD正值但已从高点回落，RSI中性。关键信号是OBV(5日)下降与价格背离，显示上涨动能不足。"", ""justification"": ""价格在长期上升趋势中进入短期震荡整理。技术指标矛盾：趋势结构正面但动能指标(ADX弱、OBV背离)负面。宏观面存在收益率上行与相对强度转弱的压力。在ADX<20的弱趋势环境下，缺乏高置信度的方向性突破信号，最佳策略是观望，等待价格在关键水平（如EMA50支撑或近期高点阻力）做出决定后再行入场。""}"
2024-01-09,long,139.84418693539638,149.38,TAKE_PROFIT,6.8189,True,11.0,0.55,Mean-Reverting,Risk-On,"QQQ above EMA20 with +1.9% 5-day trend, indicating bullish tech sector backdrop. However, GOOGL underperforming QQQ with -0.4% 5-day RS ratio suggests sector rotation away from the name.","10Y Treasury yield rising (4.019%, +2.9% 5-day) compresses growth stock multiples, creating headwind for GOOGL valuation. Yield below 4.5% limits severe impact but warrants caution.","{""asset"": ""GOOGL"", ""regime"": ""Mean-Reverting"", ""action"": ""long"", ""bias_score"": 0.55, ""entry_zone"": ""138.97 – 140.61"", ""profit_target"": 149.38, ""stop_loss"": 136.5, ""risk_reward_ratio"": 2.91, ""invalidation_condition"": ""Price closes below EMA50 (134.55) or MACD turns negative, indicating trend breakdown."", ""macro_catalyst"": ""Risk-On market (VIX 12.76) supports tech, but rising yields and GOOGL underperformance vs QQQ cap upside."", ""technical_setup"": ""Golden Cross (EMA20>EMA50>EMA200), MACD positive, but ADX 15.5 (<20) shows weak trend; OBV divergence and near 52-week high suggest mean-reversion setup."", ""justification"": ""Long-term uptrend intact with Golden Cross, but short-term momentum fading (RSI-7 64.3, OBV down, ADX low). Entry near current price with stop below EMA20 offers favorable R:R (2.91) for bounce off support. Bias lowered due to OBV divergence, RS weakness, and rising yields.""}"
2024-01-17,long,140.8855776587382,150.07,TAKE_PROFIT,6.5191,True,6.0,0.55,Trending,Risk-On,QQQ (402.76) 交易于其EMA20 (400.22) 之上，表明科技板块基础趋势偏多。但 GOOGL 近5日相对强度（RS）跑输 QQQ (-0.3%)，显示板块内存在轮动，个股表现弱于大盘，这降低了 GOOGL 独立走强的概率，交易应依赖自身技术面并关注其能否重新获得相对强度。,10年期美债收益率 (4.106%) 处于近期高位且呈5日上升趋势，这构成成长股的估值压缩压力。但收益率绝对水平未超过关键的 4.5%，宏观压制尚未升级为危机级别。利率环境对 GOOGL 等科技股的多头势头构成轻度逆风，需谨慎评估入场时机和风险收益比。,"{""asset"": ""GOOGL"", ""regime"": ""Trending"", ""action"": ""long"", ""bias_score"": 0.55, ""entry_zone"": ""139.47 – 141.15"", ""profit_target"": 150.07, ""stop_loss"": 136.96, ""risk_reward_ratio"": 2.91, ""invalidation_condition"": ""收盘价跌破 EMA50 (135.72) 或 MACD 指标转为负值，表明中期趋势和动能结构遭到破坏。"", ""macro_catalyst"": ""科技板块 (QQQ) 整体偏多格局提供支撑，低 VIX (14.79) 环境有利于风险资产。主要逆风为美债收益率上升带来的估值压力，但未达极端水平。"", ""technical_setup"": ""EMA多头排列 (20>50>200)，金叉结构稳固。价格 (140.31) 在EMA20 (138.26) 上方整固。MACD (1.78) 为正但动能略有回落。RSI-7/14 (58.68/58.86) 处于中性，无超买风险。主要警示信号为：1) ADX (19.8) < 20，趋势强度偏弱；2) OBV 5日趋势与价格背离，显示买盘不济；3) 相对强度 (GOOGL/QQQ) 走弱。"", ""justification"": ""核心看多逻辑基于稳固的日线和周线上升趋势结构（金叉、价格高于所有EMA）。当前价格在创出52周新高后正常回调至EMA20附近，提供了趋势内的潜在买入机会。风险回报比达标（2.91），且止损（136.96）位于近期低点（137.04）和EMA50（135.72）之间。然而，OBV背离、ADX偏弱以及跑输QQQ等因素显著削弱了看涨信心，因此bias_score仅为0.55，属于谨慎看多。""}"
2024-01-24,long,148.83985855855067,144.23,STOP_LOSS,-3.0972,False,5.0,0.75,Trending,Risk-On,QQQ处于上升趋势，5日涨3.1%，价格高于EMA20（406.8），科技板块整体偏多，为GOOGL提供板块支撑。,10年期国债收益率4.178%，5日趋势上升，但未超过4.5%临界水平，对GOOGL估值有轻微压缩效应，但不构成主要逆风。,"{""asset"": ""GOOGL"", ""regime"": ""Trending"", ""action"": ""long"", ""bias_score"": 0.75, ""entry_zone"": ""146.67 – 148.29"", ""profit_target"": 156.96, ""stop_loss"": 144.23, ""risk_reward_ratio"": 2.92, ""invalidation_condition"": ""价格跌破EMA20（141.05）并伴随MACD转负或日收盘价低于144.23（止损位），表明短期趋势逆转。"", ""macro_catalyst"": ""低波动环境（VIX=13.14）和科技板块强势（QQQ上升），叠加AI/Cloud增长叙事支撑资金流入大型科技股。"", ""technical_setup"": ""Golden Cross（EMA20>EMA50>EMA200），MACD正且上升（2.78），ADX>25确认强趋势，OBV上升量价配合，RSI高但处于趋势动量阶段。"", ""justification"": ""GOOGL处于明确上升趋势中，技术指标全线看涨，尽管RSI-7（81.4）接近超买，但在Trending regime中为动量确认。风险回报比达标（R:R=2.92），入场区贴近当前价，止损设于关键支撑下方。""}"
2024-01-31,long,140.9550061040643,142.9088592529297,TIMEOUT,1.3862,True,15.0,0.55,Mean-Reverting,Risk-On,QQQ价格高于EMA20，科技板块整体趋势仍偏向多头，为个股提供支撑。但GOOGL近期相对强度（RS）下降5.7%，表明在板块内出现轮动，资金可能暂时流出该股，构成短期逆风。,10年期美债收益率5日趋势下降4.0%至3.967%，收益率处于对成长股友好的水平且呈下降趋势。这为GOOGL等科技股的估值倍数扩张提供了宏观顺风，支持偏多的交易思路。,"{""asset"": ""GOOGL"", ""regime"": ""Mean-Reverting"", ""action"": ""long"", ""bias_score"": 0.55, ""entry_zone"": ""137.96 - 139.94"", ""profit_target"": 150.53, ""stop_loss"": 134.98, ""risk_reward_ratio"": 2.92, ""invalidation_condition"": ""价格日线收盘价跌破EMA50支撑（当前139.44），并有效下破134.98止损位，确认下跌趋势延续。"", ""macro_catalyst"": ""10Y国债收益率下降提供成长股估值支撑；VIX处于低位（14.35），市场为Risk-On环境。"", ""technical_setup"": ""黄金交叉(EMA50>EMA200)长期结构完好。单日放量大跌-7.5%后，价格快速回落至EMA50（139.44）关键支撑与预计算做多入场区。RSI-7 (31.35)与Stochastic %K (8.1)均进入极端超卖区，存在技术性反弹需求。ADX (31.1)>25确认趋势强度。"", ""justification"": ""长期趋势多头结构未破坏，宏观利率环境有利。今日放量大跌可视作对前期超买（RSI-7曾达88.9）的剧烈修正，价格已到达关键EMA50支撑与超卖区域，符合均值回归做多逻辑。风险在于OBV背离与跑输QQQ显示短期弱势，需严格止损。以当前价138.95计算，潜在盈利11.58点，风险3.97点，R:R达2.92，符合要求。""}"
2024-02-07,long,144.63458219465025,140.46,STOP_LOSS,-2.8863,False,6.0,0.75,Trending,Risk-On,QQQ趋势向上（5日+2.4%，价格高于EMA20），科技板块偏多；GOOGL相对QQQ比率5日上升0.7%，跑赢板块，Alpha积累。,10年期国债收益率上升（5日+6.4%至4.11%），对成长股估值有压缩效应，但收益率仍低于4.5%，影响可控，略降低多头bias_score。,"{""asset"": ""GOOGL"", ""regime"": ""Trending"", ""action"": ""long"", ""bias_score"": 0.75, ""entry_zone"": ""143.38 – 145.32"", ""profit_target"": 155.69, ""stop_loss"": 140.46, ""risk_reward_ratio"": 2.915, ""invalidation_condition"": ""价格跌破EMA50（139.95）或止损位140.46，或MACD转负，表明趋势逆转。"", ""macro_catalyst"": ""科技板块Risk-On环境（VIX低位），QQQ上涨支撑；但利率上升和美元走强带来轻微估值压力。"", ""technical_setup"": ""Golden Cross（EMA20>EMA50>EMA200），价格高于EMA20，MACD正但动量减弱，RSI中性，OBV上升，ADX>20确认趋势。"", ""justification"": ""GOOGL处于Trending regime，趋势看涨，技术指标总体支持多头。尽管收益率上升和美元走强略降信心，但板块强势且R:R有吸引力（2.915），止损设在EMA50下方合理，符合风险规则。""}"
2024-02-14,no_trade,,,NO_TRADE,,,,0.45,Mean-Reverting,Risk-On,"QQQ above EMA20 with bullish sector trend, but GOOGL underperforming QQQ over 5 days indicating intra-sector rotation away from the name.","10Y yield rising to 4.267%, compressing growth stock multiples. Yield below critical 4.5% threshold but upward trend adds caution for GOOGL longs.","{""asset"": ""GOOGL"", ""regime"": ""Mean-Reverting"", ""action"": ""no_trade"", ""bias_score"": 0.45, ""entry_zone"": ""143.83 – 145.66"", ""profit_target"": null, ""stop_loss"": null, ""risk_reward_ratio"": null, ""invalidation_condition"": ""Price closing above 148.00 (resistance) or below 142.00 (support) with volume confirmation, shifting regime to Trending or Choppy."", ""macro_catalyst"": ""Rising Treasury yields and relative weakness vs. QQQ suppress momentum; low VIX supports risk-on but not enough to overcome headwinds."", ""technical_setup"": ""Golden Cross (EMA20>EMA50>EMA200) but weak ADX (18.4) indicates lack of trend strength. MACD positive but declining, RSI neutral (50.38/53.04), price consolidating near EMA20."", ""justification"": ""Long-term trend bullish but short-term momentum weak (ADX<20, MACD fading). Mean-Reverting regime with RSI neutral offers no clear edge. Rising yields and underperformance vs. QQQ reduce bias_score below 0.50 threshold, forcing no_trade. Wait for clearer breakout or RSI extreme.""}"
2024-02-22,no_trade,,,NO_TRADE,,,,0.3,Choppy,Risk-On,"QQQ trending above EMA20, tech sector bullish; GOOGL outperforming QQQ with positive RS trend.","10Y yield rising moderately (4.327%), but below 4.5%, causing mild valuation headwind for growth stocks.","{""asset"": ""GOOGL"", ""regime"": ""Choppy"", ""action"": ""no_trade"", ""bias_score"": 0.3, ""entry_zone"": ""142.0 – 143.82"", ""profit_target"": null, ""stop_loss"": null, ""risk_reward_ratio"": null, ""invalidation_condition"": ""Price breaks below EMA50 (141.0) with volume, indicating downtrend resumption; or ADX rises above 25 with price breaking above 145 to confirm trending regime."", ""macro_catalyst"": ""Low VIX risk-on environment supports tech, but rising yields limit upside; GOOGL Alpha vs. sector is positive."", ""technical_setup"": ""EMA多头排列但ADX<20趋势弱；MACD刚转正；RSI中性；价格在EMA20附近震荡；OBV上升量价配合但动量不足。"", ""justification"": ""Choppy regime with weak trend (ADX 17.7).尽管EMA多头排列和MACD转正，但价格缺乏强劲动量突破震荡区间。收益率上升带来估值压力，且摆动交易风险回报不明确。等待ADX上升或价格明确突破145-136范围后再入场。""}"
2024-02-29,long,137.29525760665743,133.66,STOP_LOSS,-2.6478,False,2.0,0.55,Mean-Reverting,Risk-On,QQQ处于上升趋势，价格高于EMA20，科技板块整体偏多。但GOOGL/QQQ相对强度5日下降4.3%，表明GOOGL近期跑输板块，存在板块内轮动压力。,10年期国债收益率下降至4.252%，5日趋势走低，为成长股估值扩张提供利好，支持多头环境。收益率低于4.5%阈值，无显著多重压缩风险。,"{""asset"": ""GOOGL"", ""regime"": ""Mean-Reverting"", ""action"": ""long"", ""bias_score"": 0.55, ""entry_zone"": ""136.41 – 138.25"", ""profit_target"": 148.04, ""stop_loss"": 133.66, ""risk_reward_ratio"": 2.92, ""invalidation_condition"": ""价格跌破止损133.66或MACD进一步恶化至-2.0以下，表明下行动量加速。"", ""macro_catalyst"": ""利率下降和低波动Risk-On环境支撑成长股反弹；但需监控GOOGL相对QQQ的弱势能否改善。"", ""technical_setup"": ""价格靠近布林带下轨(%B=0.173)，RSI-7=39.43偏低暗示超卖，Stochastic金叉。但MACD负(-1.33)、OBV(5日)背离构成警告。EMA排列仍为Golden Cross(EMA20>EMA50>EMA200)，长期趋势完好。"", ""justification"": ""Mean-Reverting制度下，RSI偏低和布林带下轨提供反弹契机，利率环境有利。但OBV背离和跑输QQQ降低信心，止损设于关键支撑下，R:R≥2.5缓冲跳空风险。""}"
2024-03-07,no_trade,,,NO_TRADE,,,,0.45,Mean-Reverting,Risk-On,QQQ高于EMA20，科技板块整体偏多，但GOOGL近期跑输QQQ，显示板块内轮动。,10年期收益率下降，有利于成长股估值扩张，对GOOGL形成利好。,"{""asset"": ""GOOGL"", ""regime"": ""Mean-Reverting"", ""action"": ""no_trade"", ""bias_score"": 0.45, ""entry_zone"": null, ""profit_target"": null, ""stop_loss"": null, ""risk_reward_ratio"": null, ""invalidation_condition"": ""若价格明确突破137.01（预计算做空止损）则可能开启新一轮上涨，或跌破129.55（预计算做多止损）则打开下行空间。"", ""macro_catalyst"": ""利率下降和Risk-On环境支持成长股，但GOOGL相对强度弱。"", ""technical_setup"": ""价格在EMA200附近徘徊，MACD为负，RSI中性，OBV背离，ADX>25显示趋势但-DI占优。"", ""justification"": ""当前价格处于长期支撑附近，但短期动量偏空且OBV出现背离，加上跑输板块，做多确定性不足；宏观利好限制做空空间。多空风险回报虽达标，但信号矛盾，选择观望。""}"
2024-03-21,long,147.89764997541988,158.71,TAKE_PROFIT,7.3107,True,15.0,0.85,Trending,Risk-On,QQQ处于上升趋势，高于EMA20，5日上涨2.9%，科技板块偏多；GOOGL/QQQ相对强度5日上升1.6%，跑赢板块，显示Alpha积累。,10年期收益率下降至4.271%，5日趋势下降0.8%，有利于成长股估值扩张，为GOOGL提供多头支撑。,"{""asset"": ""GOOGL"", ""regime"": ""Trending"", ""action"": ""long"", ""bias_score"": 0.85, ""entry_zone"": ""145.33 – 147.45"", ""profit_target"": 158.71, ""stop_loss"": 142.17, ""risk_reward_ratio"": 2.92, ""invalidation_condition"": ""价格跌破142.17（关键支撑/EMA区域）或日收盘价低于EMA50（140.01），将否定多头趋势。"", ""macro_catalyst"": ""利率下降环境支持科技股估值，VIX低位（12.92）表明风险偏好，QQQ板块上涨提供顺风。"", ""technical_setup"": ""EMA多头排列（Golden Cross：EMA20>EMA50>EMA200），MACD正且上升（1.41），RSI动量适中（RSI-7=68.78，未超买），OBV上升确认买盘，ADX=23.0确认趋势强度。"", ""justification"": ""GOOGL处于明确上升趋势，宏观和板块背景有利，技术指标一致看涨。回调至EMA20附近提供买入机会，止损设置合理，R:R>2.5。""}"
2024-03-28,long,149.45476709366227,152.82687377929688,TIMEOUT,2.2563,True,15.0,0.8,Trending,Risk-On,QQQ价格高于EMA20，趋势偏多。GOOGL相对强度（RS）5日上升，跑赢板块，显示个股Alpha积累，为多头提供板块和相对强弱双重支撑。,10年期国债收益率（4.206%）近期小幅下降，缓解了成长股估值压力，为GOOGL等科技股提供估值扩张的有利环境。,"{""asset"": ""GOOGL"", ""regime"": ""Trending"", ""action"": ""long"", ""bias_score"": 0.8, ""entry_zone"": ""148.73 – 150.65"", ""profit_target"": 160.93, ""stop_loss"": 145.84, ""risk_reward_ratio"": 2.92, ""invalidation_condition"": ""价格日线收盘跌破EMA20（~144.23）且MACD柱状图开始收缩转负，或GOOGL/QQQ相对强度比开始显著下降。"", ""macro_catalyst"": ""利率环境有利（收益率下降，VIX低位），风险偏好支持科技股。GOOGL跑赢板块，存在个股Alpha驱动。"", ""technical_setup"": ""明确的Trending制度：Golden Cross (EMA20>EMA50>EMA200)，MACD（2.82）为正值且上升，ADX（25.8）>25确认趋势强度。RSI-7(73.39)虽高，但在趋势中为动量确认，非反转信号。价格临近52周高点，有突破潜力。"", ""justification"": ""核心趋势多头排列强劲，宏观与板块环境支持。使用预计算锚点，当前价149.69在entry_zone内，止损145.84位于EMA50与关键支撑下方，目标160.93（靠近布林上轨）提供约2.92的R:R，符合所有风险管理规则。""}"
2024-04-05,long,151.52760400005405,163.12,TAKE_PROFIT,7.6504,True,15.0,0.65,Trending,Neutral,QQQ 5日趋势下跌1.0%，且价格低于EMA20，科技板块整体承压。GOOGL相对强度（RS）5日下降0.9%，跑输板块，显示板块内轮动压力。,10年期国债收益率上升至4.378%，对成长股估值有压缩效应，但未超过4.5%的关键水平，影响适中。收益率上升趋势需谨慎。,"{""asset"": ""GOOGL"", ""regime"": ""Trending"", ""action"": ""long"", ""bias_score"": 0.65, ""entry_zone"": ""150.23 – 152.27"", ""profit_target"": 163.12, ""stop_loss"": 147.18, ""risk_reward_ratio"": 2.92, ""invalidation_condition"": ""价格跌破EMA50 (143.64) 或 MACD 转负（当前3.29），表明趋势反转。"", ""macro_catalyst"": ""弱美元（DXY下降）支持海外收入，但利率上升和科技板块疲软构成逆风。GOOGL AI/Cloud 结构性优势支撑长期趋势。"", ""technical_setup"": ""Golden Cross (EMA20>EMA50>EMA200)，ADX 28.6 强趋势，MACD 正数但动量放缓，RSI-14 60.58 中性偏强。OBV 5日背离和相对强度弱是警告信号。"", ""justification"": ""趋势向上但面临板块逆风和OBV背离。长期均线排列支持多头，风险回报比≥2.5满足缓冲要求，可轻仓做多，严格止损。""}"
2024-04-12,long,157.5578028687453,152.53,STOP_LOSS,-3.1911,False,2.0,0.65,Trending,Neutral,QQQ低于其EMA20，显示科技板块面临短期压力。QQQ自身5日趋势为-0.5%，表明整体板块买盘动力不足。,10年期国债收益率上升至4.499%，对成长股估值构成压缩压力。美元指数走强，对GOOGL海外收入折算不利。此宏观组合降低了多头仓位的吸引力和风险偏好。,"{""asset"": ""GOOGL"", ""regime"": ""Trending"", ""action"": ""long"", ""bias_score"": 0.65, ""entry_zone"": ""155.46 – 157.42"", ""profit_target"": 167.85, ""stop_loss"": 152.53, ""risk_reward_ratio"": 2.92, ""invalidation_condition"": ""日线收盘价跌破EMA20 (150.68) 或QQQ开启新一轮下跌并带动GOOGL/QQQ相对强度转弱。"", ""macro_catalyst"": ""尽管面临利率和美元压力，AI叙事（Gemini, Cloud）及个股相对强度跑赢板块（GOOGL/QQQ Ratio上升）构成关键支撑。"", ""technical_setup"": ""Golden Cross多头排列(EMA20>50>200)，ADX(32)>25确认强趋势，MACD(3.87)为正且序列呈升势，价格测试52周高点后回落但站稳EMA20之上，构成潜在趋势延续的旗形整理。"", ""justification"": ""核心为Trending regime。价格结构稳固，多头排列完好。今日阴线可视作冲击前高后的健康回调。当前RSI(65)在Trending regime下非超买，RS走强显示Alpha。从158.9高点回调至156.44，提供靠近EMA20的潜在入场点。风险回报率(2.92)符合>2.5的严格标准以抵御开盘跳空。""}"
2024-04-19,long,153.04507926507185,164.14,TAKE_PROFIT,7.2494,True,5.0,0.5,Trending,Neutral,QQQ (410.66) 处于EMA20 (430.14) 下方，显示科技板块整体承压。然而，GOOGL/QQQ相对强度比在过去5日上涨3.4%，表明GOOGL正在产生Alpha，表现优于板块。整体板块环境提供中性偏谨慎的基调，但个股存在相对强势。,10年期国债收益率当前4.615%，仍高于4.5%的成长股估值压力阈值，构成温和逆风。但过去5日收益率呈小幅下降趋势，暂未形成强紧缩压力。若收益率维持当前水平或下行，将为GOOGL等成长股提供估值支撑。,"{""asset"": ""GOOGL"", ""regime"": ""Trending"", ""action"": ""long"", ""bias_score"": 0.5, ""entry_zone"": ""151.86 – 153.8"", ""profit_target"": 164.14, ""stop_loss"": 148.95, ""risk_reward_ratio"": 2.92, ""invalidation_condition"": ""价格日线收盘价跌破EMA20 (151.87) 并随后跌破150.00整数关口，且MACD转负，表明上升动量衰竭，回调加深。"", ""macro_catalyst"": ""GOOGL持续跑赢科技板块（相对强度上升），同时10年期国债收益率趋势趋缓，缓解了部分对成长股的估值压力。"", ""technical_setup"": ""EMA多头排列(Trending)，价格回调至EMA20附近获得初步支撑。MACD仍为正但柱状图收窄，显示动量暂缓。RSI-14 (55.21) 自高位回落至中性区域，提供健康调整空间。周线MACD仍在扩大，确认主要上升趋势完好。OBV近期背离构成警告。"", ""justification"": ""处于明确的Trending上升趋势中，价格正经历对近期急涨的健康回调，测试EMA20支撑。当前价格位于预计算做多区间内，风险回报比(2.92)优秀。宏观与板块环境虽不强劲，但个股相对强势提供alpha机会。关键策略为在趋势支撑位（EMA20）附近逢低买入，博弈趋势延续。""}"
2024-04-26,long,167.6741590817137,165.04,STOP_LOSS,-1.571,False,1.0,0.75,Trending,Neutral,QQQ处于上涨趋势（价格高于EMA20，5日+2.9%），科技板块偏多。GOOGL相对强度（GOOGL/QQQ比率）5日上升6.9%，显著跑赢板块，显示个股Alpha积累。,10年期国债收益率4.669% > 4.5%且5日趋势上升，对成长股估值构成压缩压力，GOOGL多头需额外谨慎，但强劲的技术面可能暂时抵消部分宏观逆风。,"{""asset"": ""GOOGL"", ""regime"": ""Trending"", ""action"": ""long"", ""bias_score"": 0.75, ""entry_zone"": ""169.17 – 171.91"", ""profit_target"": 186.57, ""stop_loss"": 165.04, ""risk_reward_ratio"": 2.91, ""invalidation_condition"": ""价格跌破165.04（stop_loss）或日收盘价跌破EMA20（154.92）；10Y收益率快速升破4.8%或VIX飙升>25；出现明显看跌技术背离（如价格新高而RSI-14或OBV下降）。"", ""macro_catalyst"": ""AI/Cloud叙事强劲，叠加GOOGL相对板块强势（Alpha生成）推动资金流入；但利率上升环境限制估值扩张空间。"", ""technical_setup"": ""Golden Cross多头排列（EMA20>EMA50>EMA200），价格强势突破布林带上轨（%B=1.422）；MACD正数且ADX>25确认强趋势；RSI-7=79.91在Trending regime中为动量确认，非反转信号；放量上涨（成交量>2倍20日均量）且OBV上升验证机构积累。"", ""justification"": ""Trending regime中技术面全面看涨，EMA排列、MACD、ADX均支持多头。尽管10Y收益率上升带来宏观谨慎，但板块强势和个股Alpha（跑赢QQQ）提供支撑。当前价格在entry_zone内，R:R达2.91满足风险要求。短期超买（RSI-7近80）但未触发过度延伸规则（<82），趋势动量有望延续。""}"
2024-05-03,long,166.08730795373265,173.55555725097656,TIMEOUT,4.4966,True,15.0,0.85,Trending,Risk-On,QQQ处于EMA20上方，5日趋势上涨0.6%，科技板块整体处于多头环境。GOOGL相对于QQQ的5日强度比率微升0.0%，保持与板块同步，显示出个体Alpha积累的早期迹象。板块趋势为GOOGL提供顺风。,10年期国债收益率从4.614%降至4.5%，呈下降趋势。收益率下降有利于成长股估值扩张，为GOOGL等科技股提供宏观利好支持。当前4.5%的水平处于合理范围，不构成重大压制。,"{""asset"": ""GOOGL"", ""regime"": ""Trending"", ""action"": ""long"", ""bias_score"": 0.85, ""entry_zone"": ""164.48 – 167.26"", ""profit_target"": 182.07, ""stop_loss"": 160.31, ""risk_reward_ratio"": 2.91, ""invalidation_condition"": ""日线收盘价跌破关键支撑EMA20 (158.53)，或MACD转负，表明短期上升动能衰竭。"", ""macro_catalyst"": ""10Y国债收益率下行提供成长股估值支撑；科技板块(QQQ)整体偏多；低VIX (13.49)营造Risk-On环境，支持技术性买盘。"", ""technical_setup"": ""EMA多头排列 (Golden Cross)；价格在所有关键EMA之上，距EMA20约+4.6%，属健康回调；MACD为正且在零轴上方走强；ADX(25.7)>20确认趋势；Stochastic金叉；RSI-7(63.9)未超买，在趋势市中有上行空间；价格测试布林带上轨后略有回落，呈现强势整理格局。"", ""justification"": ""GOOGL处于明确的日线上升趋势中，近期从历史高点170.54回调约2.7%，提供了低吸机会。宏观利率环境与板块趋势均支持上涨。技术指标显示回调健康，动能未衰竭。基于ATR计算的R:R=2.91（当前价165.87），满足风险要求，做多偏向于捕捉趋势延续，目标为突破前高。""}"
2024-05-10,no_trade,,,NO_TRADE,,,,0.57,Trending,Risk-On,QQQ处于上涨趋势，高于EMA20，科技板块整体偏多，但GOOGL相对强度下降，跑输QQQ，显示板块内轮动不利。,10年期国债收益率上升至4.504%以上，对成长股估值有压缩作用，增加多头谨慎。,"{""asset"": ""GOOGL"", ""regime"": ""Trending"", ""action"": ""no_trade"", ""bias_score"": 0.57, ""entry_zone"": ""166.04 – 168.5"", ""profit_target"": null, ""stop_loss"": null, ""risk_reward_ratio"": null, ""invalidation_condition"": ""价格跌破EMA20并伴随MACD转负，或OBV背离缓解且bias_score回升至0.70以上。"", ""macro_catalyst"": ""利率上升压力和相对弱势抵消了低波动风险偏好。"", ""technical_setup"": ""EMA多头排列（Golden Cross），MACD正，ADX>25，但OBV 5日下降、RSI中性、短期ROC负。"", ""justification"": ""Trending regime，但OBV背离警告需bias_score≥0.70才能做多，当前计算0.57不足。利率上升和跑输QQQ进一步降低信心。无高 conviction 做空信号，故 no_trade。""}"
2024-05-17,long,174.7457452424878,170.12,STOP_LOSS,-2.6471,False,9.0,0.7,Trending,Risk-On,QQQ处于明确的上升趋势（价格高于EMA20，5日涨幅+2.0%），科技板块整体偏多，为个股上涨提供了有利的板块环境。,10年期国债收益率下降至4.42%，缓解了成长股的估值压力，为GOOGL等科技股提供了估值扩张的宏观背景支持。,"{""asset"": ""GOOGL"", ""regime"": ""Trending"", ""action"": ""long"", ""bias_score"": 0.7, ""entry_zone"": ""173.5 – 175.75"", ""profit_target"": 187.75, ""stop_loss"": 170.12, ""risk_reward_ratio"": 2.92, ""invalidation_condition"": ""收盘价跌破EMA20（165.87）并伴随成交量放大，或MACD柱状线转负，表明上涨动量衰竭。"", ""macro_catalyst"": ""利率环境利好（收益率下降）与Risk-On（低VIX）共同支撑科技股估值与风险偏好。"", ""technical_setup"": ""强劲多头排列（EMA20>50>200），MACD正值且上升，价格创52周新高，ADX>20确认趋势。"", ""justification"": ""基于Trending regime，所有长期和短期均线多头排列，MACD动能强劲。RSI-7为77.9，在趋势中视为动量确认而非反转信号。宏观环境（利率、VIX、QQQ）全面利好。风险回报比（2.92）极佳，止损设于关键支撑下方。主要风险是短期RSI和Stochastic超买，可能引发技术性回调，因此选择中等偏上的置信度，建议在回调至入场区下沿时建立仓位。""}"
2024-05-24,no_trade,,,NO_TRADE,,,,0.6,Trending,Risk-On,QQQ处于上涨趋势，高于EMA20，科技板块整体偏多。但GOOGL相对强度（RS）在5日内下降1.7%，跑输板块，显示板块内轮动压力。,10年期国债收益率上升至4.467%，对成长股估值有压缩作用，但未超过4.5%临界点，影响中等偏谨慎。,"{""asset"": ""GOOGL"", ""regime"": ""Trending"", ""action"": ""no_trade"", ""bias_score"": 0.6, ""entry_zone"": null, ""profit_target"": null, ""stop_loss"": null, ""risk_reward_ratio"": null, ""invalidation_condition"": ""价格放量突破52周高点176.39将恢复多头趋势；价格跌破EMA20（169.2）将削弱短期动能。"", ""macro_catalyst"": ""低VIX环境支持风险资产，但利率上升和GOOGL跑输QQQ构成短期阻力。"", ""technical_setup"": ""EMA多头排列（Golden Cross），ADX>25确认强趋势，但OBV背离、MACD动量减弱，且价格接近52周高点阻力。"", ""justification"": ""GOOGL长期趋势向上，但短期出现量价背离（OBV下降）、动量减缓（MACD下降），且相对强度跑输板块。在Trending制度下，OBV背离需bias_score≥0.70才适合做多，当前评分0.60低于阈值，因此等待更明确信号。""}"
2024-06-03,long,171.85957302701576,182.73092651367188,TIMEOUT,6.3257,True,15.0,0.7,Trending,Risk-On,QQQ 高于 EMA20，科技板块整体偏多，但 GOOGL 近5日相对强度（RS）下降0.4%，跑输板块，表明资金在科技股内轮动，对 GOOGL 构成轻微压力。,10年期国债收益率下降（5日-3.1%至4.402%），利率环境有利于成长股估值扩张，为 GOOGL 提供宏观支撑。,"{""asset"": ""GOOGL"", ""regime"": ""Trending"", ""action"": ""long"", ""bias_score"": 0.7, ""entry_zone"": ""170.72 – 172.78"", ""profit_target"": 183.79, ""stop_loss"": 167.62, ""risk_reward_ratio"": 2.92, ""invalidation_condition"": ""价格跌破 EMA50 (163.03) 或 MACD 转负（<0），表明趋势结构破坏。"", ""macro_catalyst"": ""利率下降提供估值支撑，VIX 低位（13.11）维持风险偏好，科技板块（QQQ）趋势向上。"", ""technical_setup"": ""Golden Cross（EMA20>EMA50>EMA200），价格在 EMA20（170.46）附近获得支撑，MACD 正值（3.19）但动量减弱，RSI-7（48.87）从超买区域健康回调提供买入机会，OBV 上升确认量价配合。"", ""justification"": ""GOOGL 处于长期上升趋势，近期从52周高点176.39回调至 EMA20 支撑，RSI 中性修复了超买状态。利率环境利好，风险回报比优（R:R~2.92），符合 Trending  regime 中买 dip 的策略。跑输 QQQ 减分但未改变整体多头结构。""}"
2024-06-10,no_trade,,,NO_TRADE,,,,0.35,Choppy,Risk-On,QQQ（460.36）处于上升趋势中，价格高于EMA20（450.1），5日上涨2.3%，显示科技板块整体处于风险偏好环境。但板块内部存在轮动，并非普涨。,10年期美债收益率（4.469%）近期上升（5日+3.1%），对GOOGL等高增长股票的估值构成温和的压缩压力。虽未超过4.5%的关键门槛，但上行趋势要求对多头头寸保持谨慎并降低bias_score。,"{""asset"": ""GOOGL"", ""regime"": ""Choppy"", ""action"": ""no_trade"", ""bias_score"": 0.35, ""entry_zone"": ""172.79 – 174.75"", ""profit_target"": null, ""stop_loss"": null, ""risk_reward_ratio"": null, ""invalidation_condition"": ""日线收盘价突破并站稳EMA20（当前171.74）与布林带上轨（177.45）形成的震荡区间。或者，ADX突破20且MACD柱状线方向明确。"", ""macro_catalyst"": ""利率上升与美元走强对冲了市场低波动率（VIX 12.74）带来的积极情绪。GOOGL近期跑输QQQ，显示板块内轮动，缺乏独立于板块的强劲催化。"", ""technical_setup"": ""长期EMA多头排列（Golden Cross），但短期动能疲弱。MACD为正但在持续收窄，ADX(18.3)<20表明趋势强度不足。RSI(55/58)中性，价格在近期高点和EMA20之间窄幅震荡，布林带%B(0.592)接近中轨。"", ""justification"": ""尽管长期趋势看涨，但短期技术面陷入震荡盘整，ADX弱、MACD动量减弱、价格紧贴EMA20。宏观层面，利率上升与跑输QQQ构成双重拖累，无法提供清晰的定向催化剂。在Choppy regime下，最佳行动是等待价格有效突破近期盘整区间后再行介入，当前风险回报不对称。""}"
2024-06-17,no_trade,,,NO_TRADE,,,,0.45,Choppy,Risk-On,QQQ处于上升趋势（5日+3.6%，价格高于EMA20），科技板块整体偏多，但GOOGL近期相对强度下降（5日GOOGL/QQQ比率跌3.2%），显示板块内轮动，GOOGL暂时跑输。,10年期国债收益率下降（5日-2.8%至4.279%），低于4.5%阈值，为成长股估值扩张提供支撑，利好GOOGL多头。,"{""asset"": ""GOOGL"", ""regime"": ""Choppy"", ""action"": ""no_trade"", ""bias_score"": 0.45, ""entry_zone"": null, ""profit_target"": null, ""stop_loss"": null, ""risk_reward_ratio"": null, ""invalidation_condition"": ""价格放量突破并站稳布林带上轨177.55以上，同时ADX上升至20以上且MACD重新加速向上，将转为Trending制度。"", ""macro_catalyst"": ""利率环境利好成长股，但板块轮动导致GOOGL相对弱势；低VIX支持风险偏好，但美元走强带来轻微逆风。"", ""technical_setup"": ""EMA多头排列（Golden Cross），价格高于EMA20/50，但ADX仅16.3（<20）表明趋势弱；MACD正但下降，RSI中性（~60），Stochastic金叉，OBV配合上涨，但接近52周高点阻力。"", ""justification"": ""制度分类为Choppy（ADX<20），缺乏强趋势动量；尽管风险回报比预计算满足，但GOOGL跑输QQQ且MACD动量减弱，bias_score<0.5强制no_trade。等待更明确的趋势信号或板块内轮动改善。""}"
2024-06-25,no_trade,,,NO_TRADE,,,,0.45,Choppy,Risk-On,QQQ价格高于EMA20，科技板块整体偏多。GOOGL在5日内显著跑赢QQQ（RS比率上升6.2%），显示个股Alpha积累和资金流入。,10年期美债收益率（4.238%）在5日内小幅上升，虽未突破4.5%的关键阈值，但仍对成长股估值构成轻微压缩压力，增加了多头持仓的宏观逆风。,"{""asset"": ""GOOGL"", ""regime"": ""Choppy"", ""action"": ""no_trade"", ""bias_score"": 0.45, ""entry_zone"": null, ""profit_target"": null, ""stop_loss"": null, ""risk_reward_ratio"": null, ""invalidation_condition"": ""价格以显著成交量（>30日均量）突破并收于今日高点183.0上方，同时ADX回升至20以上，则趋势制度可能恢复，可重新评估做多机会。"", ""macro_catalyst"": ""低波动（VIX=12.84）的Risk-On环境支持科技股，但利率上升趋势和强势美元构成估值与收入的逆风，抵消了部分积极因素。"", ""technical_setup"": ""EMA多头排列（Golden Cross）+ MACD正值确认上涨动量 + RSI-7/14在趋势中走高（非背离）。但ADX（18.4）<20表明趋势强度弱，结合价格大幅偏离EMA20（+4.4%）、RSI-7达76.29、Stochastic %K达97.7，显示短期已极度超买延伸。"", ""justification"": ""技术结构仍为多头，但ADX<20将制度降级为‘震荡’。RSI-7虽未到82，但价格已大幅偏离EMA20，且Stochastic极度超买，预示短期回调风险极高，入场做多易被次日开盘回调止损。宏观逆风（利率、美元）进一步降低吸引力。综合判断，等待价格回调至EMA20附近或趋势强度（ADX）恢复后再行评估，当前风险回报比不佳。""}"
2024-07-02,long,183.54516199454144,180.07,STOP_LOSS,-1.8934,False,10.0,0.75,Trending,Risk-On,QQQ处于上升趋势（价格高于EMA20，5日上涨1.4%），科技板块整体偏多。但GOOGL近5日相对强度跑输QQQ（RS比率下降0.6%），表明板块内存在轮动，GOOGL暂时落后于板块。,10年期国债收益率当前4.436%，5日趋势上升2.8%，对成长股估值有轻微压缩压力。但收益率未超过4.5%关键阈值，影响有限，仍需警惕若进一步上升可能带来的多头阻力。,"{""asset"": ""GOOGL"", ""regime"": ""Trending"", ""action"": ""long"", ""bias_score"": 0.75, ""entry_zone"": ""182.96 – 184.9"", ""profit_target"": 195.2, ""stop_loss"": 180.07, ""risk_reward_ratio"": 2.92, ""invalidation_condition"": ""收盘价跌破止损位180.07（关键支撑）或MACD转为负值并下穿信号线，表明短期动量转弱。"", ""macro_catalyst"": ""低波动环境（VIX=12.03）和科技板块整体上行（QQQ上涨）提供风险偏好支持，但收益率上升带来轻微估值压力。"", ""technical_setup"": ""Golden Cross多头排列（EMA20>EMA50>EMA200），MACD为正且上升（3.33），ADX>20确认趋势，RSI-7（68.9）在Trending regime中未超买，无背离。价格接近52周高点，布林带%B为0.922显示强势。"", ""justification"": ""GOOGL处于明确上升趋势中，均线多头排列，MACD动量向上，市场风险偏好高支持科技股。尽管相对强度略弱于QQQ且接近历史高点，但趋势延续概率较高。风险回报比吸引（R:R=2.92），止损设在EMA20下方支撑处。""}"
2024-07-10,long,188.50987272919218,186.04,STOP_LOSS,-1.3102,False,1.0,0.85,Trending,Risk-On,QQQ处于上升趋势（价格高于EMA20，5日上涨2.4%），科技板块偏多；GOOGL相对强度（RS）5日上升0.4%，跑赢板块，显示Alpha积累。,10年期国债收益率下降（5日-1.7%至4.28%），低于4.5%阈值，为成长股估值扩张提供利好，支持GOOGL多头。,"{""asset"": ""GOOGL"", ""regime"": ""Trending"", ""action"": ""long"", ""bias_score"": 0.85, ""entry_zone"": ""188.88 – 190.78"", ""profit_target"": 200.89, ""stop_loss"": 186.04, ""risk_reward_ratio"": 2.92, ""invalidation_condition"": ""价格跌破EMA20（181.97）并收于186.04止损下方，或出现RSI看跌背离（价格新高但RSI更低），或宏观环境恶化（VIX>25、10Y收益率快速上升>4.5%、QQQ转跌）。"", ""macro_catalyst"": ""利率下降推动成长股估值扩张，科技板块（QQQ）趋势向上，低波动（VIX<15）风险偏好环境。"", ""technical_setup"": ""EMA多头排列（20>50>200），Golden Cross确认；MACD正且上升（4.3），RSI-7（75.93）在Trending制度下为动量确认无背离；ADX（29.9）>25强趋势；价格突破52周高点，布林带%B（0.924）显示强势。"", ""justification"": ""GOOGL处于明确上升趋势，所有技术指标看涨，宏观背景支持。RSI高但无背离，是动量特征。预计算锚点满足R:R≥2.5和止损≥0.8×ATR，风险可控。""}"
2024-07-17,long,180.64574423979403,175.55,STOP_LOSS,-2.8208,False,1.0,0.55,Trending,Risk-On,QQQ短期承压，低于EMA20，5日跌2.1%，科技板块调整中；但VIX低位、利率下降，整体风险偏好尚存。GOOGL相对QQQ近期跑输，板块内轮动不利，需谨慎。,10Y收益率下降至4.146%，低于4.5%关键水平，趋势向下，利好成长股估值扩张，支持GOOGL多头。,"{""asset"": ""GOOGL"", ""regime"": ""Trending"", ""action"": ""long"", ""bias_score"": 0.55, ""entry_zone"": ""178.69 – 180.79"", ""profit_target"": 191.96, ""stop_loss"": 175.55, ""risk_reward_ratio"": 2.92, ""invalidation_condition"": ""价格跌破EMA50支撑（175.92）或止损175.55，或MACD转负且-DI持续高于+DI。"", ""macro_catalyst"": ""利率下降推动成长股估值扩张，美元走弱利好海外收入。"", ""technical_setup"": ""Golden Cross多头排列，价格高于EMA50；RSI-7超卖、Stochastic %K<20、布林带%B近下轨，短期反弹概率增加；但OBV背离和-DI>+DI显示卖压。"", ""justification"": ""长期趋势完好，短期回调至超卖区域，利率环境利好。但板块疲软和OBV背离降低信心，风险回报比达标，入场博弈反弹至前高区域。""}"
2024-07-24,long,171.30219882616154,166.54,STOP_LOSS,-2.78,False,1.0,0.55,Mean-Reverting,Neutral,QQQ低于EMA20（459.65 vs 478.75），5日趋势下跌3.4%，科技板块承压。但GOOGL/QQQ相对强度5日上升0.5%，显示个股Alpha跑赢板块。,10Y收益率上升至4.286%（5日+2.3%），对成长股估值有压缩压力，但未超过4.5%阈值，影响中等。,"{""asset"": ""GOOGL"", ""regime"": ""Mean-Reverting"", ""action"": ""long"", ""bias_score"": 0.55, ""entry_zone"": ""170.19 – 172.63"", ""profit_target"": 185.62, ""stop_loss"": 166.54, ""risk_reward_ratio"": 2.92, ""invalidation_condition"": ""价格跌破166.54止损位，或RSI-7持续低于20且价格创日新低。"", ""macro_catalyst"": ""利率环境稳定（VIX=18.04中性），个股Alpha跑赢板块提供相对支撑。"", ""technical_setup"": ""RSI-7超卖(26.51)，Stochastic %K=4.1超卖，价格接近布林带下轨(%B=-0.12)，但MACD转负(-0.08)且OBV 5日下降显示量价背离。"", ""justification"": ""在均值回归制度下，RSI-7深度超卖提供反弹机会。价格已从高点回调-9.7%，接近关键EMA200支撑。风险回报比2.92良好，止损设在166.54（低于近期低点）。需警惕OBV背离和MACD负值的动量警告。""}"
2024-07-31,long,169.0482167160951,165.47,STOP_LOSS,-2.1167,False,2.0,0.55,Mean-Reverting,Risk-On,QQQ短期趋势震荡偏弱（价格低于EMA20），但5日录得上涨。科技板块整体承压，但市场情绪因利率下降而得到提振。GOOGL近期跑输板块，需观察其能否在板块企稳时恢复相对强度。,10年期国债收益率自高位回落（当前4.109%），为成长股提供估值扩张的宏观利好。这是当前支持GOOGL多头尝试的核心催化剂。,"{""asset"": ""GOOGL"", ""regime"": ""Mean-Reverting"", ""action"": ""long"", ""bias_score"": 0.55, ""entry_zone"": ""169.12 – 171.55"", ""profit_target"": 184.51, ""stop_loss"": 165.47, ""risk_reward_ratio"": 2.92, ""invalidation_condition"": ""日线收盘价跌破165.47（止损位）或跌破159.25（EMA200），表明回调加深、趋势结构破坏。"", ""macro_catalyst"": ""10年期美债收益率下行，缓解成长股估值压力，为技术性反弹提供宏观窗口。"", ""technical_setup"": ""长期上升趋势完好（Golden Cross，价格>EMA200）。短期深度回调至支撑区域，RSI(7/14)处于40以下中性偏低水平，MACD虽为负但位于极低值可能接近衰竭。Stochastic %K上穿%D形成金叉，配合OBV(5日)上升显示下跌中或有积累。价格进入预计算做多入场区且满足R:R≥2.5。"", ""justification"": ""核心逻辑：利用利率环境利好与长期趋势支撑，博弈一次深跌后的技术性反弹。当前价格处于关键支撑区域（靠近布林带下轨），且短期技术指标（RSI， Stoch）显示超卖修复迹象。风险在于短期动量仍弱（MACD负，价格低于EMA20/50）且跑输板块，故为中等偏低置信度的反弹交易，严格止损。""}"
2024-08-07,short,159.37695589283805,163.51,STOP_LOSS,-2.5933,False,3.0,0.65,Trending,Risk-Off,科技板块整体承压。QQQ价格（431.27）显著低于其EMA20（458.55），5日内下跌5.4%，显示板块性抛售。GOOGL近5日相对强度（GOOGL/QQQ比率）下降1.6%，表现弱于板块，表明资金在板块调整中轮动流出该股。,利好。10年期国债收益率（3.968%）处于下降趋势，低于4.5%的关键阈值，为成长股估值提供了扩张环境，构成技术性反弹的潜在宏观支撑。,"{""asset"": ""GOOGL"", ""regime"": ""Trending"", ""action"": ""short"", ""bias_score"": 0.65, ""entry_zone"": ""156.4 – 159.24"", ""profit_target"": 141.23, ""stop_loss"": 163.51, ""risk_reward_ratio"": 2.92, ""invalidation_condition"": ""日线收盘价站上EMA20 (169.77) 或 MACD转正上穿信号线。"", ""macro_catalyst"": ""VIX高企(27.85)引发Risk-Off情绪，叠加科技板块(QQQ)趋势性走弱，形成系统性抛压。"", ""technical_setup"": ""强烈下跌趋势。价格跌破EMA20/50/200，EMA20<EMA50，MACD(-5.19)深负且持续下行，ADX(30.0)>25确认趋势强度。RSI-7(20.39)超卖，但在下跌趋势中作为动量指标而非反转信号。布林带%B(0.099)接近下轨。"", ""justification"": ""GOOGL处于清晰的下跌趋势中，所有短期和长期均线均被跌破，空头动量强劲(MACD负值扩大)。尽管RSI超卖，但在Trending下跌制度中，这更多是下跌动能的体现而非可靠的反转信号。VIX>25且GOOGL跑输QQQ强化了空头环境。从当前价做空，目标指向141.23(前期技术支撑区)，R:R达2.92，满足风控要求。等待价格反弹至预计算入场区间内提供更佳风险回报。""}"
2024-08-21,long,166.07933630866455,159.83,STOP_LOSS,-3.7629,False,6.0,0.75,Mean-Reverting,Risk-On,"QQQ trending higher above EMA20, tech sector bullish. GOOGL/QQQ ratio up 1.1% over 5 days, indicating alpha accumulation and outperformance.","10Y Treasury yields falling from 3.926% to 3.778%, supporting growth stock multiple expansion. No headwind from rates; favorable for GOOGL.","{""asset"": ""GOOGL"", ""regime"": ""Mean-Reverting"", ""action"": ""long"", ""bias_score"": 0.75, ""entry_zone"": ""163.47 – 165.89"", ""profit_target"": 178.82, ""stop_loss"": 159.83, ""risk_reward_ratio"": 2.92, ""invalidation_condition"": ""Price breaks below 159.83 (stop_loss) or MACD turns negative and widens, or RSI-14 falls below 40."", ""macro_catalyst"": ""Falling 10Y yields support growth stock multiples; GOOGL outperforming QQQ indicates alpha accumulation."", ""technical_setup"": ""Bounce from oversold with improving MACD, rising OBV, and long-term Golden Cross intact. ADX high but direction mixed."", ""justification"": ""GOOGL rebounding from recent lows with macro tailwinds. RSI recovered from oversold, MACD improving from negative, and volume confirms. Target aligns with resistance near EMA50 and upper Bollinger Band. Risk-reward favorable with stop at key support.""}"
2024-08-28,long,163.15012461387778,157.19,STOP_LOSS,-3.6532,False,3.0,0.6,Mean-Reverting,Risk-On,"QQQ above EMA20 with slight 5-day dip (-0.7%), tech sector bias positive. GOOGL showing alpha with RS ratio up 0.1% over 5 days.","10Y yield declining (-0.5% over 5 days) to 3.841%, supportive of growth stock multiple expansion for GOOGL.","{""asset"": ""GOOGL"", ""regime"": ""Mean-Reverting"", ""action"": ""long"", ""bias_score"": 0.6, ""entry_zone"": ""160.57 – 162.83"", ""profit_target"": 174.86, ""stop_loss"": 157.19, ""risk_reward_ratio"": 2.92, ""invalidation_condition"": ""Price breaks below EMA200 (160.95) with RSI-7 falling below 35, indicating further weakness."", ""macro_catalyst"": ""Falling 10Y yields and weak DXY support growth stock valuations and GOOGL's international revenue."", ""technical_setup"": ""Price at EMA200 support, RSI neutral (~41), MACD negative but improving, GOOGL/QQQ RS trending up, BB %B at 0.435 (below mid-band)."", ""justification"": ""Macro backdrop favorable for tech. GOOGL at key long-term support (EMA200) with relative strength vs. sector. RSI not oversold but neutral, expecting mean-reversion bounce. OBV divergence noted, but macro tailwinds outweigh short-term distribution.""}"
2024-09-05,no_trade,,,NO_TRADE,,,,0.3,Trending,Neutral,QQQ低于EMA20，5日下跌2.0%，科技板块承压；GOOGL相对强度下降0.8%，跑输板块，显示相对弱势。,10Y收益率下降3.5%至3.731%，支持成长股估值扩张，对GOOGL形成宏观利好。,"{""asset"": ""GOOGL"", ""regime"": ""Trending"", ""action"": ""no_trade"", ""bias_score"": 0.3, ""entry_zone"": ""N/A"", ""profit_target"": null, ""stop_loss"": null, ""risk_reward_ratio"": null, ""invalidation_condition"": ""价格突破EMA20（161.94）并伴随MACD转正，将否定下跌趋势，转向反弹。"", ""macro_catalyst"": ""10Y收益率下降提供估值支撑，但QQQ板块疲软和GOOGL相对弱势抵消利好。"", ""technical_setup"": ""价格低于EMA20/50，MACD负值-3.02，ADX 31.3确认强趋势，-DI > +DI显示空头动量；RSI-7 31.05超卖，随机指标金叉，布林带%B 0.051近下轨，暗示超卖反弹风险。"", ""justification"": ""技术面显示下跌趋势（价格<EMA20/50，MACD负），但RSI和随机指标超卖暗示反弹可能；规则禁止在MACD负且EMA20<EMA50时做多；做空虽R:R满足，但收益率下降利好和超卖指标降低置信度。信号矛盾，选择观望。""}"
2024-09-12,short,154.53761027887018,158.73,STOP_LOSS,-2.7129,False,3.0,0.65,Trending,Neutral,QQQ在5日内上涨5.5%，高于EMA20，科技板块偏多。但GOOGL相对QQQ的强度在5日内下降2.7%，跑输板块，显示板块内轮动远离GOOGL。,10年期国债收益率下降（从3.71%至3.68%），为成长股估值扩张提供支持，但GOOGL技术面弱势可能抵消此利好。,"{""asset"": ""GOOGL"", ""regime"": ""Trending"", ""action"": ""short"", ""bias_score"": 0.65, ""entry_zone"": ""152.57 – 155.03"", ""profit_target"": 139.42, ""stop_loss"": 158.73, ""risk_reward_ratio"": 2.92, ""invalidation_condition"": ""价格突破158.73（stop_loss）或MACD转正且价格站上EMA20（157.3）"", ""macro_catalyst"": ""GOOGL跑输QQQ，板块内资金流出；美元走强对海外收入压力；利率下降但技术面主导。"", ""technical_setup"": ""空头趋势：价格低于EMA20和EMA50，MACD负值（-4.42），ADX强（38.1）且-DI > +DI，OBV背离（价格涨但OBV降），布林带%B（0.297）近下轨但趋势向下。"", ""justification"": ""GOOGL处于短期空头趋势，价格低于关键均线，MACD负且ADX强显示下行动量。今日上涨但OBV背离暗示机构分布，跑输QQQ显示相对弱势。做空目标139.42提供R:R 2.92，止损158.73基于ATR。""}"
2024-09-19,no_trade,,,NO_TRADE,,,,0.3,Trending,Neutral,QQQ高于EMA20，5日趋势上涨1.7%，科技板块整体偏多，为GOOGL提供支撑。GOOGL相对强度（vs QQQ）5日上升1.3%，显示个股Alpha积累。,10年期国债收益率上升至3.74%，5日趋势上涨2.5%，对成长股估值有轻微压缩作用，但收益率水平仍低于4.5%的警戒线，未构成严重多头障碍。,"{""asset"": ""GOOGL"", ""regime"": ""Trending"", ""action"": ""no_trade"", ""bias_score"": 0.3, ""entry_zone"": null, ""profit_target"": null, ""stop_loss"": null, ""risk_reward_ratio"": null, ""invalidation_condition"": ""价格突破EMA50（162.4）且MACD转正，将确认短期多头动量恢复，可能转向做多。"", ""macro_catalyst"": ""利率温和上升与科技板块风险偏好中性，GOOGL相对强度跑赢QQQ提供个股支撑。"", ""technical_setup"": ""长期Golden Cross（EMA50>EMA200），ADX（30.6）>25表明强趋势，但短期EMA20（157.84）<EMA50（162.4）且价格低于EMA50，MACD负值（-1.9）但上升，RSI-7（68.67）未超极端，Stochastic %K（90.0）超买。"", ""justification"": ""Trending制度下MACD<0且EMA20<EMA50，禁止做多（规则）。做空信号不足：长期多头排列，MACD负值收窄暗示下跌动量减弱，RSI-7未极端超买。预计算风险回报虽满足，但技术矛盾导致置信度低，故无交易。""}"
2024-09-26,long,161.87524329123835,161.99456787109375,TIMEOUT,0.0737,True,15.0,0.6,Mean-Reverting,Neutral,QQQ趋势偏多（价格高于EMA20，5日上涨1.6%），科技板块整体向上，但GOOGL相对强度落后（5日GOOGL/QQQ比率下降2.1%），显示板块内轮动不利。,10Y收益率上升（3.791%，5日+1.7%），对成长股估值有轻微压缩作用，但水平低于4.5%的警戒线，影响中等偏谨慎。,"{""asset"": ""GOOGL"", ""regime"": ""Mean-Reverting"", ""action"": ""long"", ""bias_score"": 0.6, ""entry_zone"": ""160.81 – 162.79"", ""profit_target"": 173.31, ""stop_loss"": 157.85, ""risk_reward_ratio"": 2.91, ""invalidation_condition"": ""价格收盘低于止损位157.85或跌破EMA200（158.17），表明多头结构破坏。"", ""macro_catalyst"": ""科技板块（QQQ）保持上涨趋势，利率环境相对稳定（收益率未超4.5%），弱美元（DXY走平）支持海外收入。"", ""technical_setup"": ""价格在EMA20（159.25）上方获得支撑，MACD负动能收敛（从-3.62升至-0.21），RSI-7（63.89）中性偏强，OBV上升显示量价配合，Golden Cross（EMA50>EMA200）长期多头排列。"", ""justification"": ""长期Golden Cross支持多头趋势，短期价格从支撑反弹，MACD收敛预示动能可能转向正，风险回报比吸引（R:R 2.91）。但需注意GOOGL相对QQQ表现落后，降低部分信心。""}"
2024-10-03,long,167.0951193232447,161.0,STOP_LOSS,-3.6477,False,4.0,0.7,Trending,Neutral,QQQ短期下跌1.1%但高于EMA20，科技板块偏弱但未崩坏；GOOGL相对强度上升2.3%，跑赢板块，显示个股Alpha积累。,10Y收益率上升至3.85%，对成长股估值有轻微压缩，但未超过4.5%危险水平，影响有限。,"{""asset"": ""GOOGL"", ""regime"": ""Trending"", ""action"": ""long"", ""bias_score"": 0.7, ""entry_zone"": ""163.93 – 165.89"", ""profit_target"": 176.32, ""stop_loss"": 161.0, ""risk_reward_ratio"": 2.92, ""invalidation_condition"": ""价格收盘跌破EMA50 (162.74) 或 MACD转负，或 GOOGL/QQQ相对强度趋势反转下跌。"", ""macro_catalyst"": ""AI/Cloud结构性增长支撑，但受收益率上升和强美元轻微压制；GOOGL相对板块强势提供缓冲。"", ""technical_setup"": ""Golden Cross (EMA50>EMA200)，价格高于EMA20/50，MACD正且上升，RSI-7 (68.1) 健康未超买，OBV上升量价配合，ADX>20确认趋势。"", ""justification"": ""Trending制度下技术面偏多，MACD转正、Golden Cross和OBV上升确认动量；宏观面中性，收益率上升但可控，GOOGL跑赢QQQ提供Alpha；风险回报比2.92满足缓冲要求，止损设于关键支撑下方。""}"
2024-10-10,no_trade,,,NO_TRADE,,,,0.35,Choppy,Neutral,QQQ处于EMA20上方的短期上升趋势中，科技板块整体偏向积极。然而，GOOGL近5日跑输QQQ 4.0%，表明存在板块内轮动，资金并未集中流向该股，板块对其的推动力减弱。,10年期美债收益率（4.096%）近期处于上升通道，对成长股估值构成温和压力。但收益率绝对值未超过4.5%的关键心理关口，因此属于需谨慎但非决定性的负面因素。,"{""asset"": ""GOOGL"", ""regime"": ""Choppy"", ""action"": ""no_trade"", ""bias_score"": 0.35, ""entry_zone"": null, ""profit_target"": null, ""stop_loss"": null, ""risk_reward_ratio"": null, ""invalidation_condition"": ""价格有效突破并站稳EMA50(162.73)上方，且MACD重新拐头向上，则震荡格局可能向偏多转化。反之，若价格跌破EMA200(161.61)且MACD转负，则可能转向偏空。"", ""macro_catalyst"": ""板块轮动导致相对弱势；利率温和上升带来估值压力。"", ""technical_setup"": ""ADX<20(19.2)表明趋势极弱。价格在EMA20/50/200间窄幅纠缠，MACD正但持续回落，RSI中性。OBV与价格背离，成交量低迷。Golden Cross（EMA50>EMA200）提供长期支撑，但短期方向不明。"", ""justification"": ""价格处于均线密集区，ADX低于20明确界定为震荡市。技术信号矛盾：长期Golden Cross与短期价格低于EMA50、MACD回落、OBV背离并存。缺乏明确的单向动能催化剂，且跑输板块。虽多空均满足R:R数学要求，但胜率不足，风险收益比不佳，应等待更清晰的方向信号。""}"
2024-10-17,no_trade,,,NO_TRADE,,,,0.25,Choppy,Neutral,"QQQ above EMA20 but short-term weak; GOOGL outperforming QQQ with rising relative strength, indicating sector support with individual alpha accumulation.","10Y yield rising modestly to 4.096% (below 4.5% threshold), causing mild compression on growth multiples; not extreme but warrants caution for aggressive longs.","{""asset"": ""GOOGL"", ""regime"": ""Choppy"", ""action"": ""no_trade"", ""bias_score"": 0.25, ""entry_zone"": null, ""profit_target"": null, ""stop_loss"": null, ""risk_reward_ratio"": null, ""invalidation_condition"": ""Price breaks out of choppy range with ADX rising above 20 and clear EMA alignment (e.g., price sustains above EMA50 for longs or below EMA20 for shorts)."", ""macro_catalyst"": ""Modest rate rise and strong dollar pose headwinds; tech sector stable but not strongly bullish."", ""technical_setup"": ""Choppy regime (ADX 16.6 <20), Death Cross EMA structure (EMA20<EMA50<EMA200), MACD positive but declining, RSI neutral (44.32/49.35), price near Bollinger lower band (%B 0.345)."", ""justification"": ""Low ADX indicates no strong trend; conflicting signals (EMA bearish but MACD positive, RSI neutral) lead to low bias_score. In choppy regime, default to no_trade to avoid whipsaws. Await clearer directional break with improved risk-reward.""}"
2024-10-24,no_trade,,,NO_TRADE,,,,0.35,Choppy,Neutral,QQQ价格高于EMA20，科技板块趋势偏多。但GOOGL近5日相对强度(RS)比率下降，表明其近期表现弱于科技板块整体，存在板块内资金轮动流出压力。,10年期国债收益率近期上升至4.2%，对成长股估值构成温和的压缩压力。虽未超过4.5%的关键心理关口，但仍需谨慎对待做多策略，因其限制了股价的短期上行空间和估值扩张动力。,"{""asset"": ""GOOGL"", ""regime"": ""Choppy"", ""action"": ""no_trade"", ""bias_score"": 0.35, ""entry_zone"": null, ""profit_target"": null, ""stop_loss"": null, ""risk_reward_ratio"": null, ""invalidation_condition"": ""价格放量突破并站稳EMA20/EMA50/EMA200三条均线汇聚区（约162.5-162.9），同时MACD转正并上穿信号线，将宣告空头排列失效，市场可能转为看涨。"", ""macro_catalyst"": ""利率温和上行构成估值压力；板块内相对强度走弱，缺乏明确催化剂驱动个股独立行情。"", ""technical_setup"": ""均线呈空头排列(EMA20<EMA50<EMA200)，价格位于所有关键EMA下方。MACD虽为正但快速收敛至零轴，多头动能衰竭。ADX(13.2)<20表明市场缺乏趋势性。布林带%B(0.242)位于下轨附近，显示价格处于短期区间低位，但未形成明确反转信号。OBV 5日趋势下降，呈量价背离。RSI(42.93/48.29)处于中性偏弱区域，无明确超卖。"", ""justification"": ""当前技术格局显示为弱势盘整(Choppy Regime)：空头排列但ADX极低，表明下跌动能也不强。价格在均线压制下震荡，缺乏明确方向。宏观面（利率上升、跑输板块）与微观技术面（均线压制、量价背离）均不支持高置信度的方向性交易。在ADX<20且均线高度粘连的市况下，最佳策略是观望，等待明确的趋势信号（如突破均线簇或MACD方向性选择）出现。""}"
2024-10-31,long,169.09355238654865,165.39,STOP_LOSS,-2.1902,False,15.0,0.7,Trending,Neutral,QQQ低于EMA20，科技板块短期承压，但GOOGL相对强度跑赢，显示个股Alpha积累。,10Y收益率上升至4.284%，对成长股估值有轻微压缩，但未达4.5%高风险阈值，影响有限。,"{""asset"": ""GOOGL"", ""regime"": ""Trending"", ""action"": ""long"", ""bias_score"": 0.7, ""entry_zone"": ""168.94 – 171.31"", ""profit_target"": 183.95, ""stop_loss"": 165.39, ""risk_reward_ratio"": 2.92, ""invalidation_condition"": ""价格跌破EMA50 (163.88) 或止损位165.39，或MACD转负形成死叉。"", ""macro_catalyst"": ""AI和Cloud增长叙事支撑，弱美元利好海外收入，抵消部分利率上升压力。"", ""technical_setup"": ""Golden Cross多头排列 (EMA20>EMA50>EMA200)，MACD正且上升 (1.92)，价格回调至EMA20附近提供支撑，RSI从超买 (82.92) 回落至65.08释放过度延伸压力。"", ""justification"": ""GOOGL处于明确Trending regime，EMA多头排列且MACD正数确认动量。尽管QQQ板块弱势，但GOOGL相对强度跑赢显示个股Alpha。当前价格从超买回调，提供风险回报比2.92的做多机会，目标前高区域。""}"
2024-11-07,long,179.612801825818,174.91,STOP_LOSS,-2.6183,False,5.0,0.75,Trending,Neutral,QQQ 处于上涨趋势（价格高于 EMA20，5日上涨 5.4%），科技板块偏多；GOOGL/QQQ 比率近5日上升 0.2%，表明 GOOGL 跑赢板块，有 Alpha 积累。,10年期国债收益率 4.341%，5日趋势下降 0.5%，收益率下降有利于成长股估值扩张，为 GOOGL 提供多头支持；收益率低于 4.5% 临界点，无显著压力。,"{""asset"": ""GOOGL"", ""regime"": ""Trending"", ""action"": ""long"", ""bias_score"": 0.75, ""entry_zone"": ""178.51 – 180.91"", ""profit_target"": 193.71, ""stop_loss"": 174.91, ""risk_reward_ratio"": 2.92, ""invalidation_condition"": ""价格跌破 EMA20 (168.18) 且 MACD 转负，或 GOOGL/QQQ 比率开始显著下降表明板块轮动流出。"", ""macro_catalyst"": ""利率下降环境支持成长股估值扩张，叠加科技板块（QQQ）趋势向上，提供宏观和板块动力。"", ""technical_setup"": ""Golden Cross（EMA20>EMA50>EMA200），价格高于所有均线；MACD 正且上升（3.21），RSI-7 高（79.97）但无背离，ADX 25.5 确认强趋势，OBV 上升量价配合。"", ""justification"": ""Trending 制度下，均线多头排列，动量强劲，无 RSI 背离；宏观利率和板块支持，风险回报比 2.92 满足要求。入场区接近当前价，止损设于关键支撑下。""}"
2024-11-14,long,172.73256594722855,170.07,STOP_LOSS,-1.5414,False,5.0,0.6,Trending,Risk-On,QQQ在EMA20之上，科技板块整体偏多，但GOOGL相对强度(RS)近5日下降0.5%，表明板块内轮动，GOOGL暂时跑输。,10年期国债收益率上升至4.418%，对成长股估值有压缩压力，但未超过4.5%临界点，多头需谨慎。,"{""asset"": ""GOOGL"", ""regime"": ""Trending"", ""action"": ""long"", ""bias_score"": 0.6, ""entry_zone"": ""173.44 – 175.69"", ""profit_target"": 187.69, ""stop_loss"": 170.07, ""risk_reward_ratio"": 2.92, ""invalidation_condition"": ""价格跌破EMA50 (167.77) 或MACD转负"", ""macro_catalyst"": ""低波动(VIX=14.31)和科技板块(QQQ)支撑，但利率上升和美元走强带来估值压力"", ""technical_setup"": ""多头排列(EMA20>EMA50>EMA200), MACD正, ADX>25强趋势, 但OBV背离和RS弱化"", ""justification"": ""趋势结构完整，Golden Cross确认，R:R满足≥2.5缓冲。但OBV背离、跑输QQQ和利率上升降低置信度，适合谨慎做多。""}"
2024-11-21,no_trade,,,NO_TRADE,,,,0.35,Mean-Reverting,Neutral,QQQ整体处于EMA20上方（501.62 > 498.28），板块偏多，但短期内有盘整迹象。GOOGL近5日相对强度（RS）跑输QQQ -4.4%，显示板块内轮动流出该股，为独立走弱。,10Y收益率（4.432%）处于近期高位且5日趋势微升，对成长股估值构成温和的压缩压力，增加了GOOGL短期反弹的阻力。,"{""asset"": ""GOOGL"", ""regime"": ""Mean-Reverting"", ""action"": ""no_trade"", ""bias_score"": 0.35, ""entry_zone"": ""165.33 – 168.01"", ""profit_target"": null, ""stop_loss"": null, ""risk_reward_ratio"": null, ""invalidation_condition"": ""价格放量突破并站稳EMA50（168.69）上方，确认趋势恢复，则超卖反弹逻辑失效。"", ""macro_catalyst"": ""利率环境带来估值压力 + 板块内资金轮动流出GOOGL"", ""technical_setup"": ""EMA多头排列但价格跌破EMA20/50，RSI-7(33.8)超卖，MACD(2.13)正转负临界，OBV负背离，ADX(27.8)强趋势但-DI>+DI。"", ""justification"": ""结构上仍为Golden Cross，但单日放量-4.74%暴跌破坏了短期上升动能，价格进入关键EMA支撑区（EMA50=168.69，EMA200=167.75）。RSI-7已深陷超卖区，存在技术性反抽至EMA50的可能，但多个负面信号共振（OBV背离、跑输QQQ、放量下跌、-DI>+DI）降低了反弹的确定性和力度。当前更适合观望，等待价格在关键支撑（EMA200/167.75附近）企稳或明确跌破后的反抽确认。强行入场做多风险回报比不佳，做空则逆长期趋势。""}"
2024-11-29,long,167.80103219947992,181.63,TAKE_PROFIT,8.2413,True,7.0,0.72,Mean-Reverting,Risk-On,QQQ高于其EMA20，科技板块整体处于短期上升趋势中。GOOGL近期相对强度（GOOGL/QQQ比率）5日上升1.7%，表明其正跑赢科技板块，显示出个股Alpha。板块环境支持对科技龙头的选择性做多。,10年期美债收益率从4.41%下降至4.178%，趋势向下，为成长股估值扩张提供了有利的宏观背景。利率环境的缓和是GOOGL等科技股的重要支撑因素。,"{""asset"": ""GOOGL"", ""regime"": ""Mean-Reverting"", ""action"": ""long"", ""bias_score"": 0.72, ""entry_zone"": ""166.81 – 169.15"", ""profit_target"": 181.63, ""stop_loss"": 163.3, ""risk_reward_ratio"": 2.92, ""invalidation_condition"": ""价格收盘跌破EMA200 (167.95) 及预计算止损位163.3，表明关键支撑失效，回调转为下跌趋势。"", ""macro_catalyst"": ""利率下降（估值利好）叠加风险情绪乐观（VIX低、QQQ上涨），为科技股反弹创造环境。GOOGL相对板块走强吸引资金流入。"", ""technical_setup"": ""Golden Cross结构完好（EMA50>EMA200），价格回踩EMA50/200关键聚合支撑区。RSI从超买区（75）冷却至中性偏低（42），提供反弹空间。OBV趋势向上，量价配合。ADX指示趋势强度一般，适合均值回归策略。"", ""justification"": ""宏观背景有利（利率降、Risk-On）。技术面显示，在长期多头排列（Golden Cross）背景下，价格正对前期超买进行健康回调，当前在EMA50/200关键支撑区获得承接。RSI冷却、OBV配合，构成了高盈亏比（2.92）的反弹做多机会。止损明确置于支撑下方。""}"
2024-12-06,no_trade,,,NO_TRADE,,,,0.4,Choppy,Risk-On,QQQ 处于上涨趋势，最新价 522.98 高于 EMA20（507.34），5日上涨 2.2%，科技板块整体偏多。但 GOOGL 近5日相对强度（GOOGL/QQQ 比率）下降 0.3%，跑输板块，表明资金轮动至其他科技股。,10年期国债收益率下降（从 4.196% 至 4.151%），下降趋势支持成长股估值扩张。当前收益率 4.151% 低于 4.5% 的关键水平，无额外压缩压力。,"{""asset"": ""GOOGL"", ""regime"": ""Choppy"", ""action"": ""no_trade"", ""bias_score"": 0.4, ""entry_zone"": ""null"", ""profit_target"": null, ""stop_loss"": null, ""risk_reward_ratio"": null, ""invalidation_condition"": ""价格跌破 EMA20（170.97）并收于其下，或 ADX 上升至 >25 确认趋势回归。"", ""macro_catalyst"": ""利率下降和低 VIX（12.77）环境支持风险偏好，但 GOOGL 跑输 QQQ 表明板块内轮动，缺乏独立催化剂。"", ""technical_setup"": ""价格高于 EMA20（170.97）和 EMA50（169.07），MACD 转正（0.59），RSI 中性（55.52），但 ADX 仅 18.9（<20）表明趋势弱，且 EMA50 < EMA200（死亡交叉）限制上行空间。"", ""justification"": ""制度为 Choppy（ADX<20），短期动量向上但长期趋势混合，GOOGL 相对弱于 QQQ。虽然预计算锚点满足 R:R≥2.5，但在 Choppy 制度下默认 no_trade 以等待更明确趋势信号。bias_score<0.5 反映低信心。""}"
2024-12-13,long,191.98242240358925,,INVALID_RR,,,,0.85,Trending,Risk-On,QQQ处于上升趋势，价格高于EMA20，科技板块偏多；GOOGL相对强度（RS）5日上升6.6%，显著跑赢板块，显示个股Alpha积累。,10Y收益率上升至4.399%，对成长股估值有轻微压缩，但未超过4.5%关键阈值，影响有限；需监控若收益率持续上升可能带来的多重压缩风险。,"{""asset"": ""GOOGL"", ""regime"": ""Trending"", ""action"": ""long"", ""bias_score"": 0.85, ""entry_zone"": ""187.62 – 190.28"", ""profit_target"": 204.45, ""stop_loss"": 183.63, ""risk_reward_ratio"": 2.91, ""invalidation_condition"": ""价格跌破EMA50（172.31）或MACD转负，表明趋势逆转；或GOOGL/QQQ相对强度转为下降，失去Alpha。"", ""macro_catalyst"": ""低VIX（13.81）环境支持风险资产；GOOGL在AI/Cloud增长叙事下获得机构资金流入，跑赢科技板块。"", ""technical_setup"": ""EMA多头排列（Golden Cross），MACD正且上升，ADX（28.0）>25确认强趋势，RSI在Trending regime中为动量确认（非超卖），OBV上升显示量价配合，Stochastic死叉仅短期回调信号。"", ""justification"": ""GOOGL处于明确多头趋势，技术指标一致看涨，风险回报比优越（R:R≈2.91），止损基于ATR设置合理。在Risk-On市场及板块偏多背景下，做多摆动交易，目标前高区域。""}"
2024-12-20,long,191.73356940291157,194.65011596679688,TIMEOUT,1.5211,True,15.0,0.67,Trending,Neutral,QQQ低于EMA20，5日下跌3.6%，科技板块整体承压；但GOOGL/QQQ比率5日上升1.0%，显示个股Alpha跑赢板块。,10年期收益率上升至4.524%以上，对成长股估值有压缩作用，增加GOOGL多头头寸的谨慎性。,"{""asset"": ""GOOGL"", ""regime"": ""Trending"", ""action"": ""long"", ""bias_score"": 0.67, ""entry_zone"": ""188.93 – 192.13"", ""profit_target"": 209.19, ""stop_loss"": 184.13, ""risk_reward_ratio"": 2.92, ""invalidation_condition"": ""价格跌破EMA20 (182.71) 或 MACD转负，表明趋势减弱或反转。"", ""macro_catalyst"": ""利率上升和科技板块弱势构成压力，但GOOGL AI/Cloud增长叙事和相对强度提供支撑。"", ""technical_setup"": ""Golden Cross (EMA20>EMA50>EMA200)，MACD正，ADX>25强趋势，OBV上升量价配合，RSI-7 61.31未超买。"", ""justification"": ""趋势向上，技术指标整体多头；但宏观压力（利率>4.5%、QQQ弱势）限制上涨空间，bias_score调降至0.67。当前价格在entry_zone内，R:R≥2.5满足跳空缓冲，止损≥0.8×ATR。""}"
2024-12-30,long,190.20065552751936,197.0689239501953,TIMEOUT,3.6111,True,15.0,0.55,Trending,Neutral,QQQ低于EMA20，科技板块短期承压；GOOGL相对强度下降，跑输板块，显示板块内轮动不利。,10Y收益率下降至4.545%，对成长股估值扩张利好，但收益率仍在4.5%以上，需谨慎对待多头头寸。,"{""asset"": ""GOOGL"", ""regime"": ""Trending"", ""action"": ""long"", ""bias_score"": 0.55, ""entry_zone"": ""188.92 – 191.8"", ""profit_target"": 207.2, ""stop_loss"": 184.59, ""risk_reward_ratio"": 2.92, ""invalidation_condition"": ""价格跌破EMA20(186.75)并收于其下，或MACD转负形成死叉。"", ""macro_catalyst"": ""10Y收益率下降支持成长股估值扩张；但强美元和QQQ板块弱势构成逆风。"", ""technical_setup"": ""Golden Cross多头排列（EMA20>EMA50>EMA200），ADX=29.3指示强趋势，MACD正但减速，RSI中性无超买，Stochastic死叉短期调整，OBV背离警告。"", ""justification"": ""在Trending regime中，价格从52周高点195.75回调至EMA20(186.75)附近，提供逢低买入机会。止损设于184.59（低于EMA50），目标207.2对应前高突破空间。需监控OBV背离和板块相对弱势风险。""}"
2025-01-07,long,191.68381035591298,188.75,STOP_LOSS,-1.5305,False,3.0,0.77,Trending,Neutral,QQQ（512.58）低于其EMA20（516.69），表明科技板块近期承压，整体趋势偏弱，为个股带来逆风。但GOOGL/QQQ相对强度（RS）5日上升2.5%，显示GOOGL在板块内生成Alpha，表现相对坚韧。,10年期国债收益率升至4.683%（5日趋势向上），且高于4.5%的关键阈值。收益率上升对GOOGL等成长股的估值倍数构成压缩压力，是当前多头的主要宏观逆风。,"{""asset"": ""GOOGL"", ""regime"": ""Trending"", ""action"": ""long"", ""bias_score"": 0.77, ""entry_zone"": ""193.13 – 196.05"", ""profit_target"": 211.63, ""stop_loss"": 188.75, ""risk_reward_ratio"": 2.92, ""invalidation_condition"": ""若10年期国债收益率加速上涨突破4.8%，或GOOGL日收盘价跌破EMA50（181.23），将破坏看涨结构。"", ""macro_catalyst"": ""尽管利率环境不利，但AI/Cloud增长叙事以及GOOGL跑赢科技板块（RS上升）提供个股Alpha支撑。"", ""technical_setup"": ""强势上涨趋势（EMA20>EMA50>EMA200, Golden Cross, ADX>25）。价格在触及52周高点195.96后健康回调，RSI（~62）在趋势市场中处于中性区域，非超买。Stochastic %K>%D金叉，短期动量可能转强。OBV与价格同向。"", ""justification"": ""核心逻辑为“趋势内回调买入”。技术结构稳固（多头排列、ADX确认趋势），当前为突破前高后的首次回调，位于EMA20（强支撑）上方。尽管宏观利率构成逆风，但个股Alpha（RS上升）和强劲技术面提供支撑。入场区间符合预计算，R:R达2.92，提供充足缓冲。""}"
2025-01-15,long,193.2465980564925,188.73,STOP_LOSS,-2.3372,False,14.0,0.65,Trending,Risk-On,QQQ趋势向上，价格高于EMA20，科技板块偏多；GOOGL/QQQ相对强度5日上升0.5%，个股Alpha积累，跑赢板块。,10Y收益率下降（4.653%，5日降0.9%），利好成长股估值扩张；但收益率仍高于4.5%，对多头需保持谨慎。,"{""asset"": ""GOOGL"", ""regime"": ""Trending"", ""action"": ""long"", ""bias_score"": 0.65, ""entry_zone"": ""193.17 – 196.13"", ""profit_target"": 211.91, ""stop_loss"": 188.73, ""risk_reward_ratio"": 2.92, ""invalidation_condition"": ""价格跌破EMA50（183.12）或MACD转负，或OBV持续下降确认量价背离。"", ""macro_catalyst"": ""10Y收益率下降支持成长股估值扩张，科技板块风险偏好上升，GOOGL相对强度改善。"", ""technical_setup"": ""Golden Cross多头排列（EMA20>EMA50>EMA200），MACD正（3.04），价格反弹突破，但OBV(5日)下降显示量价背离警告。"", ""justification"": ""Trending regime with bullish EMA alignment, MACD positive, and price above key EMAs. Macro supports growth stocks (yields down, QQQ up). However, OBV divergence and high yield >4.5% reduce conviction. Risk-reward valid with R:R 2.92 based on pre-calculated anchors.""}"
2025-01-23,long,197.18837511510904,191.38,STOP_LOSS,-2.9456,False,2.0,0.63,Trending,Risk-On,QQQ处于明确的短期上升趋势（5日+3.8%，价格>EMA20），科技板块整体提供顺风。但需注意GOOGL/QQQ比率近5日下跌1.1%，表明资金在科技板块内存在轮动，GOOGL近期表现暂时落后于板块平均水平。,美国10年期国债收益率上升至4.638%，>4.5%的阈值，对成长股估值构成压缩压力，是GOOGL多头的显著逆风。收益率上升趋势若持续，将限制股价短期上行空间。,"{""asset"": ""GOOGL"", ""regime"": ""Trending"", ""action"": ""long"", ""bias_score"": 0.63, ""entry_zone"": ""195.65 – 198.49"", ""profit_target"": 213.66, ""stop_loss"": 191.38, ""risk_reward_ratio"": 2.92, ""invalidation_condition"": ""价格日线收盘跌破EMA20支撑（~192.32）且伴随成交量放大，或MACD转为负值，表明上涨动能衰竭。"", ""macro_catalyst"": ""科技板块（QQQ）整体风险偏好上升，构成顺风；但10年期收益率上升（>4.5%）构成估值逆风。多空力量在宏观层面存在对抗。"", ""technical_setup"": ""Golden Cross多头排列（EMA20>50>200），价格高于所有关键EMA，MACD为正且柱状线最近走平略升。RSI-14为60.96，在Trending制度下并非超买。主要担忧：Stochastic出现死叉、价格接近布林带上轨（%B=0.843），显示短期可能面临阻力；ADX(23.4)确认趋势但强度中等。"", ""justification"": ""技术面处于明确的Trending牛市结构，核心指标（EMA，MACD）支持上涨。当前价格位于预计算的entry_zone内，且从current_price计算的R:R达到2.92，符合≥2.5的缓冲要求。主要风险来自宏观利率逆风及短期指标（Stochastic，BB %B）显示的阻力。策略为在趋势中寻找回调或强势整理后的入场机会，但需严格止损。""}"
2025-01-30,no_trade,,,NO_TRADE,,,,0.45,Choppy,Neutral,QQQ趋势向上（价格高于EMA20），科技板块偏多；GOOGL相对QQQ强度5日上升1.6%，跑赢板块，显示个股Alpha积累。,10Y收益率下降（5日-2.5%）利好成长股估值扩张，但当前水平4.512% > 4.5%，仍对多头构成轻微压力，需谨慎。,"{""asset"": ""GOOGL"", ""regime"": ""Choppy"", ""action"": ""no_trade"", ""bias_score"": 0.45, ""entry_zone"": ""198.48 – 201.42"", ""profit_target"": null, ""stop_loss"": null, ""risk_reward_ratio"": null, ""invalidation_condition"": ""价格放量突破布林带上轨（200.72）且ADX上升至>20，将重新评估为Trending；或价格跌破EMA20（193.74）并伴随MACD转负，转为看跌。"", ""macro_catalyst"": ""10Y收益率下降支撑成长股估值，但强美元（DXY 107.8）对海外收入构成压力；AI/Cloud叙事持续提供长期动力。"", ""technical_setup"": ""EMA多头排列（EMA20>EMA50>EMA200），MACD正（2.75），但ADX弱（18.9<20）显示趋势乏力；RSI中性（RSI-7 63.69），Stochastic超买（%K 90.5），布林带%B高（0.945）接近上轨，面临阻力；OBV 5日上升，量价配合良好。"", ""justification"": ""技术面呈多头结构但趋势弱（ADX<20），价格接近52周高点和布林带上轨，Stochastic超买暗示短期回调风险。宏观上收益率利好但美元强，整体环境中性。Regime分类为Choppy，缺乏清晰趋势动能，风险回报虽满足但交易信号不明确，建议观望等待更清晰突破或回调。""}"
2025-02-06,no_trade,,,NO_TRADE,,,,0.4,Mean-Reverting,Neutral,QQQ趋势向上，高于EMA20，科技板块偏多，但GOOGL近期跑输QQQ（5日RS下降7.4%），显示板块内轮动不利，降低个股做多信心。,10Y收益率下降至4.44%（5日降2.8%），处于合理范围，利好成长股估值扩张，对GOOGL形成支持。,"{""asset"": ""GOOGL"", ""regime"": ""Mean-Reverting"", ""action"": ""no_trade"", ""bias_score"": 0.4, ""entry_zone"": ""189.02 – 192.42"", ""profit_target"": null, ""stop_loss"": null, ""risk_reward_ratio"": null, ""invalidation_condition"": ""价格突破并站稳EMA20（195.14）上方，伴随MACD转强和成交量放大，可能重启上升趋势；或价格跌破EMA50（189.2）并收于下方，确认进一步回调。"", ""macro_catalyst"": ""利率环境利好，但GOOGL相对弱于板块，需等待板块内轮动改善或更强技术信号。"", ""technical_setup"": ""长期Golden Cross多头排列（EMA20>EMA50>EMA200），但短期价格回调至EMA50附近，RSI-7（39.63）超卖区域，ADX（18.9）<20指示弱趋势，OBV 5日下降显示量价背离，MACD正但动量减弱。"", ""justification"": ""技术面矛盾：长期趋势多头，但短期回调且动量弱。OBV背离和跑输QQQ降低做多bias_score至0.4（<0.5强制no_trade）。RSI超卖但未极端（<30），反弹信号不强烈。ADX低表明趋势缺乏强度，建议等待更清晰信号。""}"
2025-02-13,no_trade,,,NO_TRADE,,,,0.4,Mean-Reverting,Neutral,QQQ处于短期上升趋势（价格高于EMA20，5日涨2.5%），科技板块整体偏多，但GOOGL相对强度（RS）在5日内下降2.0%，明显跑输板块，表明资金轮动流出GOOGL，板块内表现弱势。,10年期国债收益率当前4.525%，5日趋势上升且高于4.5%门槛，对成长股估值构成压缩压力，GOOGL作为高市盈率科技股面临多重扩张阻力，抑制了积极做多的宏观环境。,"{""asset"": ""GOOGL"", ""regime"": ""Mean-Reverting"", ""action"": ""no_trade"", ""bias_score"": 0.4, ""entry_zone"": ""183.74 – 186.82"", ""profit_target"": null, ""stop_loss"": null, ""risk_reward_ratio"": null, ""invalidation_condition"": ""若价格放量突破EMA20（190.95）并收于其上，则空头修正观点失效；若价格跌破布林带下轨（180.26）并伴随MACD加速下行，则潜在的反弹做多观点失效。"", ""macro_catalyst"": ""利率上升环境压制估值 + 板块内轮动导致GOOGL相对弱势"", ""technical_setup"": ""价格低于EMA20/EMA50，MACD转负（-1.47）显示短期空头动量；但RSI（7日38.33）和Stochastic（%K 17.1）处于超卖区域，布林带%B（0.189）近下轨，暗示技术性反弹可能；ADX（20.8）略高于20，趋势强度较弱。OBV 5日趋势上升，与价格下跌形成轻微背离，但未构成强信号。"", ""justification"": ""技术面呈现空头修正与超卖反弹的矛盾信号，缺乏明确方向。宏观上利率压力与板块跑输削弱做多理由，而做空则面临超卖反弹风险。预计算锚点虽满足R:R要求，但bias_score低于0.5阈值，且无高概率入场触发，故选择观望。""}"
2025-02-21,long,181.15250613186586,173.29,STOP_LOSS,-4.3403,False,3.0,0.65,Mean-Reverting,Neutral,QQQ低于EMA20，5日下跌2.2%，科技板块承压；GOOGL相对QQQ比率5日下降0.8%，跑输板块，显示板块内轮动压力。,10Y收益率下降至4.42%（5日降1.2%），为成长股提供估值扩张利好，支持GOOGL多头。,"{""asset"": ""GOOGL"", ""regime"": ""Mean-Reverting"", ""action"": ""long"", ""bias_score"": 0.65, ""entry_zone"": ""177.44 – 180.22"", ""profit_target"": 195.0, ""stop_loss"": 173.29, ""risk_reward_ratio"": 2.92, ""invalidation_condition"": ""价格跌破stop_loss 173.29 或日收盘价低于EMA200 (173.75)，或MACD继续恶化（负值扩大），或RSI-7反弹失败再次跌破25。"", ""macro_catalyst"": ""10年期国债收益率下降降低成长股贴现率，提供估值支撑；但科技板块疲软（QQQ下跌）限制上行空间。"", ""technical_setup"": ""RSI-7超卖(27.72)，Stochastic %K超卖(2.1)，布林带%B接近下轨(0.135)，价格偏离短期均线(低于EMA20 4.7%)；长期Golden Cross完好(EMA50>EMA200)；但MACD负值(-2.81)且下降，ADX显示空头趋势(-DI>+DI)，OBV 5日下降。"", ""justification"": ""技术超卖反弹设置：RSI-7极端超卖(<30)，价格接近布林带下轨，有均值回归潜力；长期趋势仍bullish (Golden Cross)；收益率下降利好估值。但板块疲软(QQQ下跌)和GOOGL跑输QQQ降低信心，需严格控制止损。R:R 2.92符合要求。""}"
2025-02-28,no_trade,,,NO_TRADE,,,,0.4,Trending,Neutral,QQQ处于下跌趋势，低于EMA20，科技板块承压；GOOGL相对强度下降，跑输板块，显示板块内轮动不利。,10Y收益率下降，从4.393%降至4.231%，对成长股估值扩张有利，为GOOGL提供潜在支撑。,"{""asset"": ""GOOGL"", ""regime"": ""Trending"", ""action"": ""no_trade"", ""bias_score"": 0.4, ""entry_zone"": ""168.1 – 170.9"", ""profit_target"": null, ""stop_loss"": null, ""risk_reward_ratio"": null, ""invalidation_condition"": ""价格突破EMA20（181.49）或MACD转正向上，可能预示反弹；反之，若价格跌破近期低点且收益率上升，则强化下跌趋势。"", ""macro_catalyst"": ""10Y收益率下降支持成长股反弹，但美元走强和科技板块疲软（QQQ下跌）构成压力，宏观因素冲突。"", ""technical_setup"": ""下跌趋势：价格低于EMA20和EMA50，MACD负值且加深，ADX 32.7指示强趋势，-DI > +DI；RSI超卖（RSI-7 22.37），但处于Trending regime中非反转信号。"", ""justification"": ""技术面显示清晰下跌趋势，MACD负且EMA20<EMA50，禁止在Trending下做多。短期虽有超卖，但宏观利好（收益率下降）可能引发反弹，与技术面冲突，conviction不足。预计算short的R:R虽达2.92，但收益率下降环境增加空头风险，默认no_trade等待更明确信号。""}"
2025-03-07,short,167.6785699397653,,INVALID_RR,,,,0.88,Trending,Neutral,QQQ (489.31) 交易于其EMA20 (508.58) 下方，短期趋势看跌，表明科技板块整体承压。板块的疲软为个股做多带来逆风。,10年期美债收益率 (4.317%) 在过去5日上升，对成长股估值构成温和压缩压力，但未超过4.5%的警戒线，影响为中性偏负面。,"{""asset"": ""GOOGL"", ""regime"": ""Trending"", ""action"": ""short"", ""bias_score"": 0.88, ""entry_zone"": ""171.58 – 174.54"", ""profit_target"": 155.77, ""stop_loss"": 178.99, ""risk_reward_ratio"": 2.91, ""invalidation_condition"": ""价格收盘站上EMA50 (182.07) 并企稳，破坏下跌趋势结构。"", ""macro_catalyst"": ""科技板块 (QQQ) 疲软与利率上升带来的估值压力，共同构成下行宏观背景。"", ""technical_setup"": ""价格低于EMA20与EMA50，MACD为负且持续下行，ADX (35.7) > 25确认强劲下跌趋势，-DI > +DI，Stochastic %K/%D金叉后反弹未改变主要下跌结构。"", ""justification"": ""核心逻辑为趋势跟随。日线图表显示明确的下跌趋势：价格结构走低，关键EMA呈空头排列 (P<EMA20<EMA50)，MACD持续为负，且ADX确认趋势强度。GOOGL虽相对QQQ有Alpha，但在板块下行时，强势RS往往预示着补跌风险。从当前价(173.06)出发，预计算的做空设置提供优厚的风险报酬比(2.91)。做空止损置于近期反弹高点上方，目标看向关键支撑区域。""}"
2025-03-14,short,164.4597537744784,147.0,TAKE_PROFIT,10.6164,True,15.0,0.75,Trending,Neutral,QQQ低于EMA20，科技板块承压；GOOGL跑输QQQ，板块内轮动不利。,10年期收益率上升至4.308%，对成长股估值有压缩作用，支持空头。,"{""asset"": ""GOOGL"", ""regime"": ""Trending"", ""action"": ""short"", ""bias_score"": 0.75, ""entry_zone"": ""163.38 – 166.46"", ""profit_target"": 147.0, ""stop_loss"": 171.06, ""risk_reward_ratio"": 2.92, ""invalidation_condition"": ""价格突破171.06（止损位），表明下降趋势可能反转。"", ""macro_catalyst"": ""利率上升和科技板块弱势，对成长股构成压力。"", ""technical_setup"": ""价格低于EMA20/50/200，MACD负，ADX=40.7强趋势，-DI>+DI，RSI看跌，布林带%B=0.236接近下轨但趋势向下。"", ""justification"": ""GOOGL处于短期下降趋势，技术指标一致看跌（价格低于EMA，MACD负，ADX高，-DI>+DI）。宏观上，10Y收益率上升和QQQ承压提供催化剂。风险回报比2.92:1有利，止损距离满足要求。""}"
2025-03-21,no_trade,,,NO_TRADE,,,,0.3,Trending,Neutral,QQQ低于EMA20，科技板块承压，但GOOGL相对强度上升，跑赢板块，显示个股Alpha。,10年期收益率下降，利好成长股估值扩张，为潜在多头提供支持。,"{""asset"": ""GOOGL"", ""regime"": ""Trending"", ""action"": ""no_trade"", ""bias_score"": 0.3, ""entry_zone"": ""161.94 – 164.9"", ""profit_target"": null, ""stop_loss"": null, ""risk_reward_ratio"": null, ""invalidation_condition"": ""价格突破EMA20并伴随MACD转正，或跌破157.52支撑后加速下行。"", ""macro_catalyst"": ""利率下行利好估值，但美元走强和板块疲软构成抵消。"", ""technical_setup"": ""价格低于EMA20/50，MACD负但略有回升，RSI超卖，ADX高显示强下行趋势，OBV上升提供轻微支撑。"", ""justification"": ""短期趋势向下，MACD<0且EMA20<EMA50，禁止在Trending制度下做多；做空缺乏Death Cross确认。技术面矛盾，bias_score<0.5，故观望。""}"
2025-03-28,short,152.58092477046202,159.78,STOP_LOSS,-4.7182,False,11.0,0.65,Trending,Neutral,QQQ处于下跌趋势，价格低于EMA20，5日跌幅4.4%，科技板块整体承压。GOOGL相对强度（GOOGL/QQQ比率）近5日下降3.7%，跑输板块，显示板块内轮动不利。,10年期国债收益率下降至4.255%（5日降幅1.8%），对成长股估值扩张有利，提供宏观支撑。但当前技术面下跌趋势主导价格行动。,"{""asset"": ""GOOGL"", ""regime"": ""Trending"", ""action"": ""short"", ""bias_score"": 0.65, ""entry_zone"": ""152.31 – 155.29"", ""profit_target"": 136.37, ""stop_loss"": 159.78, ""risk_reward_ratio"": 2.91, ""invalidation_condition"": ""价格收盘高于止损位159.78，或RSI-14反弹超过50且价格回升至EMA20（166.19）上方，表明下跌趋势可能暂停或反转。"", ""macro_catalyst"": ""板块疲软（QQQ下跌）和技术面下跌主导；收益率下降虽有利，但未能抵消技术卖压。"", ""technical_setup"": ""强劲下跌趋势：价格（153.8）低于所有关键EMA（EMA20=166.19, EMA50=173.54），EMA20<EMA50短期空头排列，MACD=-4.69负值，ADX=41.8>25强趋势，-DI（39.9）>+DI（13.0）空头动量。RSI超卖（RSI-7=27.64, RSI-14=32.82）但趋势向下，Stochastic %K=4.1超卖。"", ""justification"": ""GOOGL处于强劲下跌趋势，技术指标一致看跌，板块疲软（QQQ下跌且GOOGL跑输）加重压力。尽管RSI超卖暗示可能反弹，但ADX强趋势和MACD负值支持下行延续。预计算锚点提供风险回报比2.91，符合要求，做空止损设在159.78上方以防范反弹。""}"
2025-04-04,no_trade,,,NO_TRADE,,,,0.3,Trending,Risk-Off,QQQ 处于下跌趋势（5日跌9.9%，低于EMA20），科技板块整体承压，但GOOGL/QQQ比率5日升4.5%，显示个股Alpha跑赢板块。,10Y收益率下降至3.985%，对成长股估值扩张利好，但当前市场恐慌（VIX>45）主导情绪，利率利好被掩盖。,"{""asset"": ""GOOGL"", ""regime"": ""Trending"", ""action"": ""no_trade"", ""bias_score"": 0.3, ""entry_zone"": ""143.59 – 146.61"", ""profit_target"": null, ""stop_loss"": null, ""risk_reward_ratio"": null, ""invalidation_condition"": ""VIX下降至<35且价格突破EMA20（160.59）并伴随成交量放大，或出现RSI-14底背离（价格新低而RSI抬高）。"", ""macro_catalyst"": ""VIX高达45.31（恐慌模式），风险资产全面抛售，尽管利率环境利好，但市场避险情绪压倒一切，科技股承压。"", ""technical_setup"": ""价格位于52周低点，处于所有EMA下方（EMA20<EMA50<EMA200，Death Cross），MACD负值加深至-6.28，ADX=44.2显示强下跌趋势，RSI-7=20.71超卖但无背离，OBV下降显示量价背离。"", ""justification"": ""VIX>35处于危机模式，根据规则强制no_trade（等待市场稳定）。技术面虽超卖且趋势向下，但极端波动下风险过高，R:R虽理论可行，但执行风险大，优先避险。""}"
2025-04-11,no_trade,,,NO_TRADE,,,,0.3,Trending,Risk-Off,QQQ低于EMA20，科技板块整体承压；GOOGL/QQQ相对强度下降，表明GOOGL近期跑输板块，缺乏板块轮动支持。,10年期国债收益率上升至4.493%，接近4.5%关键水平，对成长股估值构成压缩压力，GOOGL作为科技股面临多重阻力。,"{""asset"": ""GOOGL"", ""regime"": ""Trending"", ""action"": ""no_trade"", ""bias_score"": 0.3, ""entry_zone"": ""154.64 – 158.56"", ""profit_target"": null, ""stop_loss"": null, ""risk_reward_ratio"": null, ""invalidation_condition"": ""VIX下降至<25且价格突破EMA50并站上165，同时MACD转正。"", ""macro_catalyst"": ""VIX恐慌指数高企(37.56 > 35)，市场处于危机/恐慌模式，强制避险观望；收益率上升叠加板块疲软。"", ""technical_setup"": ""死亡交叉(EMA20<EMA50<EMA200)，MACD负值(-5.19)，ADX强趋势(44.0)但-DI>+DI，RSI中性，短期反弹但整体下行趋势未改。"", ""justification"": ""尽管技术面偏空且做空R:R可达2.91，但VIX>35触发强制no_trade规则。市场恐慌环境下，科技股波动加剧，风险过高，应等待VIX回落至安全区域(<25)再评估趋势交易机会。""}"
2025-04-21,short,148.3755226432022,154.44,STOP_LOSS,-4.0872,False,2.0,0.75,Trending,Risk-Off,QQQ处于明确下跌趋势，5日跌5.3%，且价格低于EMA20(454.32)。科技板块整体承压，为个股带来下行压力。GOOGL相对强度(RS)5日下降1.9%，跑输板块，显示无内部轮动支撑。,10年期国债收益率4.405%且在5日内上升，收益率上升趋势对成长股估值构成压力，压缩GOOGL的P/E倍数，构成宏观逆风。,"{""asset"": ""GOOGL"", ""regime"": ""Trending"", ""action"": ""short"", ""bias_score"": 0.75, ""entry_zone"": ""145.34 – 148.98"", ""profit_target"": 125.91, ""stop_loss"": 154.44, ""risk_reward_ratio"": 2.92, ""invalidation_condition"": ""价格日线收盘站上154.44（止损位），预示下跌动能衰竭或趋势反转。"", ""macro_catalyst"": ""Risk-Off环境（VIX > 30）、科技板块整体疲软（QQQ下跌）、利率上行压力（10Y收益率上升）共同压制高估值科技股。"", ""technical_setup"": ""明确下跌趋势：价格低于所有EMA(20,50,200)，形成空头排列（Death Cross）。MACD(-4.25)位于零轴下且为负。ADX(40.1)>25确认强趋势，-DI(32.0)>+DI(13.5)支持空头。RSI(35-38)显示疲软但未超卖。OBV呈下降趋势，确认资金流出。"", ""justification"": ""在明确的下跌趋势（Trending Down）中，技术结构（EMA空排、MACD负、-DI主导）与Risk-Off宏观背景（VIX>30，QQQ下跌，收益率上升）高度一致。做空信号符合趋势跟踪逻辑。当前价格在预计算做空区间内，风险回报比达标（2.92>2.5），止损距离(7.28)大于0.8*ATR。""}"
2025-04-28,short,159.76603342291708,167.03,STOP_LOSS,-4.5466,False,14.0,0.6,Trending,Risk-Off,QQQ趋势上涨（5日+6.3%，价格高于EMA20），科技板块整体偏多，但GOOGL相对强度下降（5日-0.2%），跑输板块，显示内部轮动不利。,10Y收益率下降（5日-3.9%至4.216%），利好成长股估值扩张，对GOOGL多头有支持，但当前收益率水平未超4.5%，无额外压力。,"{""asset"": ""GOOGL"", ""regime"": ""Trending"", ""action"": ""short"", ""bias_score"": 0.6, ""entry_zone"": ""158.32 – 161.8"", ""profit_target"": 139.72, ""stop_loss"": 167.03, ""risk_reward_ratio"": 2.92, ""invalidation_condition"": ""价格收盘突破EMA50 (162.79) 上方"", ""macro_catalyst"": ""VIX高位Risk-Off环境，GOOGL跑输QQQ显示板块内弱势"", ""technical_setup"": ""Death Cross空头排列（EMA50<EMA200），MACD负值（-1.54），价格反弹至EMA50阻力，ADX>25强趋势，RSI中性无超买"", ""justification"": ""GOOGL处于空头趋势，价格反弹至关键均线阻力，MACD负值，VIX高企支持Risk-Off，做空R:R≥2.9符合风险要求。""}"
2025-05-12,short,158.24128090704517,164.62,STOP_LOSS,-4.031,False,2.0,0.75,Trending,Neutral,QQQ趋势向上（5日+5.5%，价格高于EMA20），科技板块偏多，但GOOGL相对强度下降（5日-8.0%），表明板块内轮动，GOOGL暂时落后于板块。,10年期国债收益率上升至4.457%（5日+3.5%），虽略低于4.5%，但上升趋势对成长股估值产生压缩压力，GOOGL作为成长股面临逆风。,"{""asset"": ""GOOGL"", ""regime"": ""Trending"", ""action"": ""short"", ""bias_score"": 0.75, ""entry_zone"": ""156.23 – 159.59"", ""profit_target"": 138.34, ""stop_loss"": 164.62, ""risk_reward_ratio"": 2.91, ""invalidation_condition"": ""价格突破EMA50（161.22）并收盘在上方，或MACD转正形成金叉。"", ""macro_catalyst"": ""10年期收益率上升和美元走强（DXY 5日+2.6%）压缩成长股估值，GOOGL相对板块弱势（跑输QQQ）。"", ""technical_setup"": ""死亡交叉空头排列（EMA20<EMA50<EMA200），MACD负值（-0.66），ADX（21.8）显示下跌趋势形成（-DI > +DI），OBV量价背离（5日下降）。"", ""justification"": ""GOOGL处于技术性下跌趋势中，EMA空头排列，MACD负值确认熊市动量，且相对QQQ表现落后。今日反弹3.74%但仍在关键阻力EMA50下方，宏观逆风（收益率上升、美元走强）压制估值。做空设置基于预计算锚点，风险回报比2.91合理，止损设于164.62以应对波动。""}"
2025-05-19,no_trade,,,NO_TRADE,,,,0.45,Mean-Reverting,Risk-On,QQQ趋势向上，价格远高于EMA20，科技板块处于偏多环境。GOOGL/QQQ相对强度比率近5日上升3.1%，表明GOOGL近期跑赢板块，有个股Alpha积累。板块背景为多头交易提供了支持。,10年期国债收益率下降（5日趋势↓0.5%），目前处于4.475%的合理范围。收益率下降为成长股（如GOOGL）提供了估值扩张的有利环境，是当前看多逻辑的关键宏观催化剂。,"{""asset"": ""GOOGL"", ""regime"": ""Mean-Reverting"", ""action"": ""no_trade"", ""bias_score"": 0.45, ""entry_zone"": null, ""profit_target"": null, ""stop_loss"": null, ""risk_reward_ratio"": null, ""invalidation_condition"": ""价格强势突破并站稳EMA200(170.26)上方，同时MACD继续上行、ADX突破20，则市场制度可能转为Trending，可重新评估做多机会。"", ""macro_catalyst"": ""利率下行提供估值支撑，GOOGL跑赢科技板块显示Alpha。"", ""technical_setup"": ""价格反弹至EMA50上方，MACD转正，但受EMA200压制；ADX<20显示趋势弱；Stochastic %K>86，RSI-7接近但未超70，布林带%B=0.845接近上轨，处于区间高位。"", ""justification"": ""价格结构呈反弹，但EMA空头排列(Death Cross)和EMA200强阻力(170.26)压制上方空间。ADX<20、价格接近布林带上轨、Stochastic超买，表明市场处于Mean-Reverting/Choppy制度。在当前价位(165.96)做多，接近阻力且R:R逻辑薄弱；做空则逆板块和宏观利好。最佳策略是等待价格回调至EMA20(159.85)附近或放量突破EMA200后的回踩确认。""}"
2025-05-27,long,172.56165823831284,165.66,STOP_LOSS,-3.9995,False,5.0,0.65,Mean-Reverting,Risk-On,QQQ高于EMA20，科技板块偏多；GOOGL相对强度5日上升5.3%，显著跑赢QQQ，显示Alpha积累,10年期国债收益率下降（从4.481%至4.434%），利好成长股估值扩张，为GOOGL提供宏观支撑,"{""asset"": ""GOOGL"", ""regime"": ""Mean-Reverting"", ""action"": ""long"", ""bias_score"": 0.65, ""entry_zone"": ""170.64 – 173.96"", ""profit_target"": 191.66, ""stop_loss"": 165.66, ""risk_reward_ratio"": 2.92, ""invalidation_condition"": ""价格收低于EMA200 (172.01) 或MACD转负"", ""macro_catalyst"": ""利率下降推动成长股估值；GOOGL跑赢科技板块显示个股强势"", ""technical_setup"": ""价格突破200日EMA，MACD转正并上升，RSI-14中性，OBV上升确认动量，但ADX<20表示趋势强度不足"", ""justification"": ""宏观利率环境利好，GOOGL突破关键200日均线，MACD动量转强且相对强度跑赢QQQ，支持多头摆动。止损设于165.66以下支撑，目标191.66基于ATR扩展，R:R达2.92满足风险要求。""}"
2025-06-03,no_trade,,,NO_TRADE,,,,0.35,Choppy,Neutral,QQQ处于短期上升趋势（价格高于EMA20），科技板块背景偏多。然而，GOOGL过去5日相对QQQ比率下降5.1%，表明板块内存在资金轮动，GOOGL并非当前板块领涨股。,10年期国债收益率下降（从4.477%降至4.46%），为成长股估值提供了扩张的有利环境，对GOOGL构成宏观层面的轻微利好，消除了利率上升带来的主要多头障碍。,"{""asset"": ""GOOGL"", ""regime"": ""Choppy"", ""action"": ""no_trade"", ""bias_score"": 0.35, ""entry_zone"": ""164.09 – 167.13"", ""profit_target"": null, ""stop_loss"": null, ""risk_reward_ratio"": null, ""invalidation_condition"": ""价格收盘站上EMA200 (170.37) 并伴随成交量放大，将扭转死叉格局并可能开启新趋势；反之，若价格跌破EMA50 (164.15) 并收于其下，则短期结构将进一步走弱。"", ""macro_catalyst"": ""10Y收益率下降支持成长股，但GOOGL板块内相对表现落后，抵消了部分宏观利好。"", ""technical_setup"": ""EMA死叉（EMA50<EMA200），ADX(19.5)<20显示无强趋势。价格在EMA20/50间震荡，RSI-7(43.6)偏中性，MACD为正但收窄。OBV近期走低与价格构成背离。"", ""justification"": ""技术结构矛盾：长期死叉与短期价格高于EMA50共存，ADX<20界定为震荡市。虽然宏观利好（收益率下降）且RSI-7处于中性偏低区域，但死叉格局、OBV负背离及跑输QQQ削弱了做多信心。做空则面临MACD为正及收益率下降的宏观逆风。无法在满足R:R≥2.5及严格止损条件下建立高置信度头寸。""}"
2025-06-10,long,179.36569688795734,172.42,STOP_LOSS,-3.8724,False,3.0,0.65,Trending,Neutral,QQQ高于EMA20，5日趋势上涨1.0%，科技板块处于短期上升趋势，为GOOGL提供板块支撑。,10Y收益率为4.474%，5日趋势上升2.5%，接近4.5%阈值，对成长股估值构成轻微压缩压力，但尚未形成强烈逆风。,"{""asset"": ""GOOGL"", ""regime"": ""Trending"", ""action"": ""long"", ""bias_score"": 0.65, ""entry_zone"": ""176.75 – 179.65"", ""profit_target"": 195.07, ""stop_loss"": 172.42, ""risk_reward_ratio"": 2.92, ""invalidation_condition"": ""价格收于EMA20 (168.58) 下方或跌破止损172.42，表明短期上升动量失效。"", ""macro_catalyst"": ""科技板块（QQQ）上升趋势提供板块支撑，GOOGL相对强度（RS）5日上升5.3%，显示个股Alpha积累。"", ""technical_setup"": ""价格突破EMA200 (168.46)，站上所有关键均线；MACD (3.55) 为正且上升，RSI-7 (76.14) 在趋势中为动量确认；ADX (21.3) >20 确认趋势形成；放量上涨，OBV配合。"", ""justification"": ""短期趋势确立：价格>EMA20>EMA50，MACD正且放大。RSI-7虽高，但在趋势中非反转信号。预计算锚点提供R:R=2.92，满足风险要求。注意10Y收益率上升和随机指标死叉的短期回调风险，但趋势动量占主导。""}"
2025-06-17,long,175.6141436330853,170.38,STOP_LOSS,-2.9805,False,2.0,0.53,Trending,Neutral,"QQQ is above its EMA20, indicating a bullish sector backdrop for tech. However, GOOGL has underperformed QQQ over the past 5 days (-0.1% RS trend), suggesting sector rotation away from the name, which reduces conviction for standalone longs.","10Y Treasury yield is at 4.393%, trending downward over 5 days. Falling yields support multiple expansion for growth stocks like GOOGL, providing a tailwind for long positions.","{""asset"": ""GOOGL"", ""regime"": ""Trending"", ""action"": ""long"", ""bias_score"": 0.53, ""entry_zone"": ""174.26 – 176.84"", ""profit_target"": 190.64, ""stop_loss"": 170.38, ""risk_reward_ratio"": 2.92, ""invalidation_condition"": ""Price closes below EMA20 (171.37) on a daily basis, or OBV continues to decline for 3+ days while price rises, confirming distribution."", ""macro_catalyst"": ""Falling 10Y yields support growth stock valuation expansion; low VIX (21.6) indicates stable risk appetite."", ""technical_setup"": ""Price above all key EMAs (EMA20=171.37, EMA50=167.49), MACD positive (3.59), ADX>20 (22.9) confirms trend formation. Negative: Death Cross (EMA50<EMA200), OBV divergence (5-day down), and relative weakness vs QQQ."", ""justification"": ""Long bias due to price > EMAs, MACD positive, and falling yields. However, bias_score reduced to 0.53 due to Death Cross, OBV divergence (-0.10), and underperformance vs QQQ (-0.05). R:R=2.92 meets criteria with stop at 170.38 (≥0.8×ATR).""}"
2025-06-25,no_trade,,,NO_TRADE,,,,0.45,Mean-Reverting,Risk-On,"QQQ trending upward above EMA20, tech sector bullish, but GOOGL underperforming with declining relative strength ratio vs. QQQ over past 5 days.","10Y yield declining to 4.293%, supportive for growth stock multiple expansion, tailwind for GOOGL.","{""asset"": ""GOOGL"", ""regime"": ""Mean-Reverting"", ""action"": ""no_trade"", ""bias_score"": 0.45, ""entry_zone"": ""168.93 – 171.67"", ""profit_target"": null, ""stop_loss"": null, ""risk_reward_ratio"": null, ""invalidation_condition"": ""Price breaking above EMA200 (171.43) with volume confirmation and MACD turning up would shift regime to trending bullish; price breaking below EMA50 (167.63) with increased selling volume would reinforce bearish bias."", ""macro_catalyst"": ""Declining yields and weak dollar provide macro support, but GOOGL's underperformance vs. sector indicates rotation headwinds."", ""technical_setup"": ""Mixed signals: Death Cross (EMA50<EMA200) long-term bearish, but short-term EMA20>EMA50 and price above EMA20. MACD positive but declining, RSI-7 neutral at 49.44, OBV divergence negative, ADX weak at 19.5 indicating lack of strong trend."", ""justification"": ""In Mean-Reverting regime, no clear RSI extreme to fade. OBV divergence and underperformance vs. QQQ reduce confidence. Bias_score <0.50 due to -0.05 for RS decline and -0.10 for OBV divergence, forcing no_trade. Wait for clearer signal or regime shift.""}"
2025-07-02,long,178.09853847776557,172.7,STOP_LOSS,-3.0312,False,3.0,0.65,Mean-Reverting,Neutral,"QQQ above EMA20 with uptrend, technology sector bullish; GOOGL showing Alpha with 5-day relative strength up 2.1% vs QQQ.","10Y yield rising to 4.293% but below 4.5%, causing mild valuation compression for growth stocks; not a severe headwind but warrants caution.","{""asset"": ""GOOGL"", ""regime"": ""Mean-Reverting"", ""action"": ""long"", ""bias_score"": 0.65, ""entry_zone"": ""176.85 – 179.63"", ""profit_target"": 194.41, ""stop_loss"": 172.7, ""risk_reward_ratio"": 2.92, ""invalidation_condition"": ""Price closes below EMA20 (172.52) or stop_loss at 172.70, indicating failed breakout and momentum loss."", ""macro_catalyst"": ""Technology sector (QQQ) in uptrend, GOOGL outperforming with Alpha, weak DXY supportive for international revenue."", ""technical_setup"": ""Price > EMA20/50, MACD positive and rising, OBV uptrend, but ADX<20 suggests weak trend and Stochastic overbought."", ""justification"": ""GOOGL shows short-term momentum with MACD positive and price above key EMAs, supported by sector strength and relative outperformance. However, weak ADX and Death Cross warrant caution; long entry with tight stop for swing trade targeting resistance near $194.""}"
2025-07-10,no_trade,,,NO_TRADE,,,,0.35,Choppy,Neutral,QQQ高于EMA20，科技板块整体偏多，但GOOGL近5日相对强度下降0.9%，跑输板块，显示板块内轮动不利。,10Y收益率微降至4.346%，为成长股提供估值扩张支持，无显著利空。,"{""asset"": ""GOOGL"", ""regime"": ""Choppy"", ""action"": ""no_trade"", ""bias_score"": 0.35, ""entry_zone"": ""175.84 – 178.6"", ""profit_target"": null, ""stop_loss"": null, ""risk_reward_ratio"": null, ""invalidation_condition"": ""价格明确突破182.73（上破）或跌破171.71（下破）并伴随ADX>25及放量，将确认新趋势。"", ""macro_catalyst"": ""利率环境利好，但美元走强压制海外收入，且板块内轮动不利。"", ""technical_setup"": ""EMA50<EMA200 (Death Cross)但价格站上所有均线；ADX=18.0指示弱趋势；MACD为正但OBV-5日量价背离；RSI中性；Stochastic超买但无确认。"", ""justification"": ""市场处于震荡格局（ADX<20），多空信号矛盾：Death Cross vs 价格站上均线。OBV背离且跑输QQQ降低做多信心。虽多空R:R均>2.5，但弱趋势下信号质量低，bias_score<0.5，强制 no_trade。""}"
2025-07-17,no_trade,,,NO_TRADE,,,,0.45,Mean-Reverting,Neutral,QQQ 处于短期上升趋势，价格高于 EMA20，科技板块偏多。GOOGL 相对 QQQ 的比率在上升，显示个股 Alpha 积累，板块背景积极。,10年期国债收益率上升至 4.463%，对成长股估值有轻微压缩压力，但未超过 4.5% 的关键水平，影响中等。收益率上升趋势需谨慎，但非极端负面。,"{""asset"": ""GOOGL"", ""regime"": ""Mean-Reverting"", ""action"": ""no_trade"", ""bias_score"": 0.45, ""entry_zone"": null, ""profit_target"": null, ""stop_loss"": null, ""risk_reward_ratio"": null, ""invalidation_condition"": ""价格放量突破布林带上轨 186.41 并站稳，伴随 MACD 加速上升且 ADX 持续高于 25，可能转为强势 Trending 制度。"", ""macro_catalyst"": ""利率环境轻度紧缩但可控，科技板块（QQQ）提供支撑，GOOGL 相对强度积极，但美元走强对海外收入有压力。"", ""technical_setup"": ""价格高于 EMA20 和 EMA50，MACD 为正且上升，但 EMA50 < EMA200（Death Cross）指示长期 bearish。RSI-7 73.2 在 Mean-Reverting 制度下超买，Stochastic %K 94.0 超买，ADX 20.7 显示弱趋势形成，布林带 %B 0.850 接近上轨。"", ""justification"": ""短期技术面 bullish 但长期 Death Cross 构成矛盾，RSI-7 超买在 Mean-Reverting 制度下增加回调风险。虽然预计算锚点支持做多且 R:R 良好，但 bias_score 低于 0.50 因 EMA 结构冲突和超买信号。等待更清晰趋势确认或回调至支撑再入场。""}"
2025-07-24,long,191.54821586623893,202.48358154296875,TIMEOUT,5.7089,True,15.0,0.65,Trending,Neutral,QQQ处于上升趋势，价格高于EMA20，科技板块整体偏多。GOOGL相对强度(RS)5日上升3.2%，跑赢板块，显示个股Alpha积累。,10年期国债收益率下降（5日-0.5%），当前4.408%低于4.5%的压缩阈值，为成长股提供估值扩张支撑。,"{""asset"": ""GOOGL"", ""regime"": ""Trending"", ""action"": ""long"", ""bias_score"": 0.65, ""entry_zone"": ""190.42 – 193.06"", ""profit_target"": 207.14, ""stop_loss"": 186.46, ""risk_reward_ratio"": 2.92, ""invalidation_condition"": ""价格跌破EMA20 (182.05) 或 MACD转负，表明短期上升动量衰竭。"", ""macro_catalyst"": ""10Y收益率下降支持成长股估值；科技板块(QQQ)趋势向上；弱美元环境利好海外收入。"", ""technical_setup"": ""价格高于EMA20/50，MACD正且上升，ADX>25确认强趋势，OBV上升量价配合，但RSI-7>82显示短期过度延伸。"", ""justification"": ""短期上升趋势完整，动量指标支持，量价配合且跑赢板块。尽管RSI-7超买显示延伸，但在Trending regime中动量可能持续。风险回报比合格(2.92≥2.5)，止损设于关键支撑下方(EMA20以下)，符合风险约束。""}"
2025-07-31,long,188.6048544387261,199.30075073242188,TIMEOUT,5.6711,True,15.0,0.6,Trending,Neutral,QQQ高于其EMA20，科技板块整体偏多，为个股提供正面背景。但GOOGL近5日相对强度(RS)跑输板块，显示内部资金轮动或获利了结压力，需留意其alpha能力是否减弱。,10年期国债收益率下降且位于4.36%，低于4.5%的警戒线，为成长股估值扩张提供利好，是支持GOOGL多头的主要宏观催化剂。,"{""asset"": ""GOOGL"", ""regime"": ""Trending"", ""action"": ""long"", ""bias_score"": 0.6, ""entry_zone"": ""190.21 – 192.73"", ""profit_target"": 206.17, ""stop_loss"": 186.43, ""risk_reward_ratio"": 2.92, ""invalidation_condition"": ""价格日线收盘跌破EMA50 (178.89)，或MACD转为负值且下穿信号线，标志着短期上升趋势结构破坏。"", ""macro_catalyst"": ""10年期美债收益率下行趋势缓解了科技股估值压力，为GOOGL这类成长股提供宏观面支撑。"", ""technical_setup"": ""EMA多头排列（黄金交叉），价格位于所有关键均线之上，ADX > 25确认趋势强度。日线处于明确Trending制度，今日-2.36%的放量回调可视为对前期RSI > 85极端超买状态的技术性修正，是趋势内的健康回踩。"", ""justification"": ""主要趋势结构（EMA， ADX）强劲，宏观利率环境有利。今日回调释放了短期超买压力，RSI从高位回落至健康水平。预计算锚点提供了清晰的R:R > 2.5的做多结构，止损设在EMA20与关键支撑下方。尽管有OBV背离与跑输QQQ的短期警示，但在趋势制度和有利宏观背景下，回调至支撑区是风险可控的做多机会。""}"
2025-08-07,long,196.77642933858343,210.54,TAKE_PROFIT,6.9945,True,15.0,0.8,Trending,Risk-On,QQQ处于明确上升趋势（价格高于EMA20，5日涨+2.8%），科技板块整体环境偏多，为个股上涨提供板块支撑。,10年期美债收益率（4.244%）5日内小幅上升，但绝对值未突破4.5%关键阈值，对成长股估值压缩压力有限，但仍需关注后续方向。弱美元（DXY下跌）对GOOGL海外收入构成利好。,"{""asset"": ""GOOGL"", ""regime"": ""Trending"", ""action"": ""long"", ""bias_score"": 0.8, ""entry_zone"": ""194.84 – 197.32"", ""profit_target"": 210.54, ""stop_loss"": 191.12, ""risk_reward_ratio"": 2.92, ""invalidation_condition"": ""价格跌破EMA20（~189.6）并伴随成交量放大，或MACD转负。"", ""macro_catalyst"": ""科技板块（QQQ）整体趋势向上，且GOOGL相对强度（RS）跑赢板块，显示个股Alpha积累。弱美元环境利好海外收入。"", ""technical_setup"": ""多头排列（EMA20>EMA50>EMA200）+ Golden Cross确认。MACD为正，ADX(34.4)>25确认强趋势。RSI-7/14在Trending regime下均未超70，无超买压力。+DI > -DI显示多头主导。"", ""justification"": ""GOOGL处于强劲多头趋势中，所有主要趋势指标（EMA、ADX、+DI）均支持看涨。虽有单日缩量，但OBV短期趋势向上，且宏观与板块环境配合。当前价格位于布林带中上轨间，提供充足上行空间。使用ATR-14锚定R:R=2.92，满足风控要求，做多逻辑清晰。""}"
2025-08-14,long,203.39153088363753,197.38,STOP_LOSS,-2.9556,False,4.0,0.73,Trending,Risk-On,QQQ价格高于EMA20，板块处于短期上升趋势中，为科技股提供了整体支撑。但GOOGL近5日相对强度(RS)略有下降，出现轻微板块内轮动流出迹象。,10年期国债收益率(4.293%)处于近期高位且呈上升趋势，对成长股估值构成轻微压缩压力，需适度调降多头bias_score以反映此逆风。,"{""asset"": ""GOOGL"", ""regime"": ""Trending"", ""action"": ""long"", ""bias_score"": 0.73, ""entry_zone"": ""201.2 – 203.75"", ""profit_target"": 217.35, ""stop_loss"": 197.38, ""risk_reward_ratio"": 2.92, ""invalidation_condition"": ""收盘价跌破EMA20 (194.37) 或MACD转负，将破坏短期上升动量和趋势结构。"", ""macro_catalyst"": ""市场低波动(Risk-On)环境，以及科技板块(QQQ)的整体上涨趋势，为GOOGL的动量交易提供了外部支撑。"", ""technical_setup"": ""Golden Cross多头排列(EMA20>EMA50>EMA200)，价格站稳所有均线上方。MACD为正且ADX(37.8)确认强趋势。在Trending regime下，RSI-14(70.66) >70 视为动量确认，而非超买反转信号，且无看跌背离。"", ""justification"": ""GOOGL处于明确的日线级别上升趋势中，强劲的均线排列与动量指标支持趋势延续。尽管面临利率微升、美元走强及相对QQQ走弱的轻微逆风，但核心趋势未破。依据ATR计算的R:R高达2.92，满足风险管理要求，可在预定义区间内寻找做多机会。""}"
2025-08-21,no_trade,,,NO_TRADE,,,,0.45,Trending,Neutral,QQQ低于其EMA20，过去5日下跌2.4%，显示科技板块整体承压。GOOGL/QQQ比率在上升，表明个股产生Alpha，跑赢板块。但板块整体弱势为个股上涨带来逆风。,10年期收益率近期微升（4.33%），处于合理但偏高水平，对成长股估值构成温和压缩压力，需适当降低多头倾向。,"{""asset"": ""GOOGL"", ""regime"": ""Trending"", ""action"": ""no_trade"", ""bias_score"": 0.45, ""entry_zone"": ""198.06 - 200.54"", ""profit_target"": null, ""stop_loss"": null, ""risk_reward_ratio"": null, ""invalidation_condition"": ""价格跌破EMA50（188.16），或MACD下穿零轴转负。"", ""macro_catalyst"": ""个体Alpha（跑赢QQQ）与科技板块整体疲软相矛盾；美元走强对海外收入构成压力。"", ""technical_setup"": ""价格高于EMA20/50/200，呈多头排列（Golden Cross），ADX 35.0确认强趋势，但MACD和RSI从超买区域回落，OBV量价背离，且今日成交量显著低于均值，削弱短期上行动力。"", ""justification"": ""长期技术结构看涨，但短期存在量价背离、动量冷却（RSI、MACD回落）以及板块逆风（QQQ疲软）。虽未达极端超买，但OBV背离和板块弱势降低了做多的胜率与信心。符合做多条件但bias_score低于0.5门槛，更安全的做法是等待价格回调至EMA50（~188）附近或出现放量阳线确认上涨动力后再介入。""}"
2025-08-28,long,210.0365560843286,205.89,STOP_LOSS,-1.9742,False,2.0,0.84,Trending,Risk-On,QQQ价格高于EMA20，科技板块整体偏多。GOOGL/QQQ比率5日上升1.8%，显示个股Alpha积累，跑赢板块。为多头策略提供有利的板块背景。,10年期国债收益率趋势下行（当前4.207%，5日-1.2%），为成长股提供估值扩张的宏观支持，利好GOOGL等科技龙头。,"{""asset"": ""GOOGL"", ""regime"": ""Trending"", ""action"": ""long"", ""bias_score"": 0.84, ""entry_zone"": ""209.84 – 212.48"", ""profit_target"": 226.53, ""stop_loss"": 205.89, ""risk_reward_ratio"": 2.92, ""invalidation_condition"": ""价格日线收盘跌破EMA20 (201.26) 或 MACD转负。"", ""macro_catalyst"": ""利率下行环境支持成长股估值扩张；AI/Cloud叙事推动板块轮动至科技股。"", ""technical_setup"": ""Golden Cross (EMA50>EMA200)确认长期上升趋势。EMA多头排列(20>50>200)，MACD(5.25)>0，ADX(36.5)>25确认强趋势。价格在布林带上轨附近运行显示强势。"", ""justification"": ""GOOGL处于明确的Trending regime，所有长期均线呈多头排列。宏观（利率降）与板块（QQQ强，个股跑赢）背景支持。RSI-7(77.65)虽高，但在Trending regime中属动量确认而非反转信号。风险回报比(2.92)充足，止损设于关键EMA20下方。""}"
2025-09-05,long,235.15054099905157,253.93,TAKE_PROFIT,7.9861,True,10.0,0.65,Trending,Neutral,QQQ处于上升趋势（价格高于EMA20），科技板块偏多；GOOGL相对强度（GOOGL/QQQ比率）5日上升9.3%，明显跑赢板块，显示个股Alpha积累。,10年期国债收益率下降（当前4.086%，5日降3.3%），为成长股估值扩张提供利好，支持GOOGL等多头头寸。,"{""asset"": ""GOOGL"", ""regime"": ""Trending"", ""action"": ""long"", ""bias_score"": 0.65, ""entry_zone"": ""232.8 – 236.14"", ""profit_target"": 253.93, ""stop_loss"": 227.8, ""risk_reward_ratio"": 2.92, ""invalidation_condition"": ""价格跌破止损227.8或MACD转负（当前9.3），或出现看跌背离（价格新高但RSI更低）。"", ""macro_catalyst"": ""利率下降推动成长股估值扩张；科技板块（QQQ）整体向上提供顺风。"", ""technical_setup"": ""EMA多头排列（20>50>200），Golden Cross确认；MACD正值且上升（9.3），ADX（41.9）>25示强趋势；但RSI-7极高（90.52）且价格偏离EMA20超10%，显示短期过度延伸，限制入场评分。"", ""justification"": ""GOOGL处于强劲Trending制度，宏观有利（利率降）、板块强（QQQ升）、个股Alpha（跑赢）。尽管RSI极高显示短期超买，但在趋势中非反转信号；风险回报比2.92良好，止损设于关键支撑下方。过度延伸令bias_score上限0.65，但仍支持谨慎做多。""}"
2025-09-12,long,244.32807821701437,,INVALID_RR,,,,0.65,Trending,Risk-On,QQQ处于EMA20上方的短期上升趋势中，科技板块整体偏多。GOOGL/QQQ相对强度比率近期上升，表明个股表现优于板块，存在Alpha积累。,10年期国债收益率（4.061%）近期小幅上升，但仍处于4.5%的关键阈值下方，对成长股估值压缩的压力温和。若后续收益率加速上行，将构成多头逆风。,"{""asset"": ""GOOGL"", ""regime"": ""Trending"", ""action"": ""long"", ""bias_score"": 0.65, ""entry_zone"": ""238.85 – 242.09"", ""profit_target"": 259.4, ""stop_loss"": 233.98, ""risk_reward_ratio"": 2.92, ""invalidation_condition"": ""价格日线收盘跌破EMA20（221.74），表明短期上升动能失效，Trending regime被破坏。"", ""macro_catalyst"": ""低波动环境（VIX<15）与科技板块偏多（QQQ上涨）为成长股提供支撑；GOOGL跑赢QQQ显示个股Alpha。"", ""technical_setup"": ""强劲多头趋势：价格>EMA20>EMA50>EMA200 (Golden Cross)；MACD (11.91) 为正且上升；ADX(48.9)>25确认强趋势；OBV趋势上升。关键警告：RSI-7(89.42)>82且价格偏离EMA20超8%，显示极端延伸，增加次日开盘回调风险，故保守设置bias_score上限。"", ""justification"": ""多重因素确认强劲Trending regime，但RSI-7处于极端高位（89.42）且价格大幅偏离EMA20（+8.4%），根据专用规则，强制设置bias_score上限为0.65。预计算锚点提供R:R=2.92（>2.5），可缓冲日内波动及开盘跳空风险。建议在entry_zone内小仓位逢低介入，严格止损。""}"
2025-09-19,no_trade,,,NO_TRADE,,,,0.35,Trending,Neutral,QQQ处于上升趋势（价格>EMA20，5日涨1.3%），科技板块整体偏多，但GOOGL相对强度（RS）5日略降，显示板块内轮动中稍弱于大盘。,10年期国债收益率上升至4.139%（5日+2.6%），对成长股估值有温和压缩效应，但未超过4.5%的临界水平，影响中等偏谨慎。,"{""asset"": ""GOOGL"", ""regime"": ""Trending"", ""action"": ""no_trade"", ""bias_score"": 0.35, ""entry_zone"": ""252.73 – 256.01"", ""profit_target"": null, ""stop_loss"": null, ""risk_reward_ratio"": null, ""invalidation_condition"": ""价格跌破EMA20（233.51）并伴随MACD转负，或RSI-7回落至70以下后再次突破，可能改变趋势结构。"", ""macro_catalyst"": ""AI/Cloud增长叙事支撑，但利率上升和美元走强（DXY↑）带来估值逆风；GOOGL相对QQQ走弱显示资金轮动。"", ""technical_setup"": ""强势多头排列（EMA20>50>200），MACD=13.7（正），ADX=53.5（强趋势），但RSI-7=88.47（>88）极端超买，价格高于EMA20达8.9%，短期过度延伸风险极高。"", ""justification"": ""尽管趋势强劲，但RSI-7>88且价格大幅偏离EMA20，符合极端延伸条件，历史显示此类水平做多易被次日开盘止损。叠加GOOGL跑输QQQ和利率上升的谨慎因素，风险回报不佳，故选择观望。""}"
2025-09-26,no_trade,,,NO_TRADE,,,,0.4,Trending,Neutral,QQQ价格高于EMA20，科技板块整体偏多，但GOOGL近期跑输QQQ（5日RS下降1.4%），显示板块内轮动不利。,10Y收益率上升至4.187%，对成长股估值有压缩压力，但未超过4.5%临界点，影响中性偏谨慎。,"{""asset"": ""GOOGL"", ""regime"": ""Trending"", ""action"": ""no_trade"", ""bias_score"": 0.4, ""entry_zone"": null, ""profit_target"": null, ""stop_loss"": null, ""risk_reward_ratio"": null, ""invalidation_condition"": ""价格突破252.62（做空止损）或放量站上250并伴随MACD转强，将重评估多头；价格跌破239.8（做多止损）且EMA20拐头向下，将考虑空头。"", ""macro_catalyst"": ""AI/云增长长期叙事支撑，但短期受利率上升和板块轮动压制。"", ""technical_setup"": ""EMA多头排列（EMA20>EMA50>EMA200），ADX(48.9)强趋势，但MACD动量减弱，RSI从高位回落，OBV(5日)量价背离，Stochastic死叉。"", ""justification"": ""长期趋势向上，但短期动量疲软：OBV背离（需bias_score≥0.70才可做多，实际不足）、跑输QQQ、收益率上升施压。风险回报虽满足，但信心不足，等待更清晰信号。""}"
2025-10-03,long,244.44791178946252,238.41,STOP_LOSS,-2.47,False,5.0,0.6,Trending,Neutral,"QQQ trending above EMA20 (+0.7% over 5 days), indicating a bullish tech sector backdrop. However, GOOGL is underperforming QQQ (RS ratio down 0.2% over 5 days), suggesting sector rotation away from the name.","10Y Treasury yield at 4.119%, trending down 0.5% over 5 days. Falling yields support growth stock multiple expansion, providing a tailwind for GOOGL.","{""asset"": ""GOOGL"", ""regime"": ""Trending"", ""action"": ""long"", ""bias_score"": 0.6, ""entry_zone"": ""243.37 – 246.67"", ""profit_target"": 264.31, ""stop_loss"": 238.41, ""risk_reward_ratio"": 2.92, ""invalidation_condition"": ""Price closes below stop_loss (238.41), MACD turns negative, or EMA20 crosses below EMA50."", ""macro_catalyst"": ""Falling Treasury yields (multiple expansion tailwind) and a resilient tech sector (QQQ uptrend)."", ""technical_setup"": ""Golden Cross (EMA50>EMA200), price above EMA20 (+1.6%), MACD positive but declining, ADX >25 confirms strong trend. Negative factors: OBV divergence (5-day downtrend) and GOOGL underperforming QQQ."", ""justification"": ""GOOGL remains in a strong long-term uptrend with Golden Cross intact. Current pullback from 52-week high offers a potential long entry near EMA20 support (241.26). Falling yields support growth stocks. However, OBV divergence and relative weakness vs QQQ lower conviction. Risk-reward of ~2.9 justifies a long swing trade targeting a retest of highs.""}"
2025-10-10,long,239.88411429337978,255.64,TAKE_PROFIT,6.5681,True,4.0,0.5,Trending,Neutral,QQQ短期回调，低于EMA20，科技板块承压；GOOGL相对跑输QQQ（5日RS下降2.6%），表现弱势。,10年期收益率下降（5日-2.7%），利好成长股估值扩张，对GOOGL形成支撑。,"{""asset"": ""GOOGL"", ""regime"": ""Trending"", ""action"": ""long"", ""bias_score"": 0.5, ""entry_zone"": ""234.59 – 237.91"", ""profit_target"": 255.64, ""stop_loss"": 229.6, ""risk_reward_ratio"": 2.92, ""invalidation_condition"": ""价格跌破止损229.6或EMA50（227.64），或QQQ日收盘价跌破580加速下跌。"", ""macro_catalyst"": ""收益率下降提供估值支撑，但美元走强（DXY上涨）和板块调整（QQQ弱势）构成对冲。"", ""technical_setup"": ""长期Golden Cross（EMA50>EMA200），ADX=30.4确认强趋势；短期超卖（RSI-7=28.67，%B=-0.102，Stochastic %K=3.9），有望技术性反弹至EMA20附近。但OBV背离和-DI>+DI警示动量不足。"", ""justification"": ""长期趋势完好，短期超卖提供低风险买入机会。目标反弹至EMA20/布林带中轨。风险在于板块疲软和量价背离，bias_score受OBV背离和相对弱势压制至0.5，需严格止损。""}"
2025-10-17,long,254.3444728441902,245.83,STOP_LOSS,-3.3476,False,2.0,0.85,Trending,Risk-On,QQQ 价格高于 EMA20，科技板块趋势偏多，为个股创造有利环境。GOOGL 连续 5 日跑赢 QQQ，表明个股有强劲的 Alpha 动量，获得资金青睐。,10Y 收益率近期从 4.05% 高点回落至 4.00%，呈现下降趋势。利率下行缓解了成长股估值压力，为 GOOGL 等科技股提供支撑。当前利率水平对科技股估值扩张友好。,"{""asset"": ""GOOGL"", ""regime"": ""Trending"", ""action"": ""long"", ""bias_score"": 0.85, ""entry_zone"": ""251.18 – 254.74"", ""profit_target"": 273.75, ""stop_loss"": 245.83, ""risk_reward_ratio"": 2.92, ""invalidation_condition"": ""日线收盘价跌破 EMA20 (244.77) 且伴随 MACD 转负，或 GOOGL/QQQ 相对强度比率连续 3 日下跌，表明 Alpha 动量失效。"", ""macro_catalyst"": ""10Y 收益率下降提供估值扩张环境；弱美元利好海外收入；科技板块（QQQ）风险偏好稳定。"", ""technical_setup"": ""EMA20 > EMA50 > EMA200（多头排列）；MACD 正且企稳于零轴之上；价格位于布林带上轨附近（%B=0.907）但无显著背离；OBV 趋势向上配合价格上涨；ADX > 25 确认趋势强度。"", ""justification"": ""核心分析：GOOGL 处于明确的日线、周线 Trending 多头行情中。EMA 多头排列、MACD 为正、价格创近期新高并逼近 52 周高点，技术结构强势。宏观（利率下降）与板块（QQQ 上涨）均提供利好。虽然 RSI-7 (68.08) 和 Stochastic (82.7) 指示短期超买，但在 Trending Regime 中，这是动量特征而非反转信号，不应据此拒绝做多。关键风险是短期可能因超买出现回调，但大趋势向上，应逢低做多而非做空。风险回报比 (2.92) 满足≥2.5的缓冲要求。""}"
2025-10-24,long,264.4607188078389,,INVALID_RR,,,,0.75,Trending,Neutral,"QQQ above EMA20 with +0.9% 5-day trend, tech sector bullish. GOOGL outperforming QQQ with RS ratio up 0.4% over 5 days, indicating alpha accumulation.","10Y yield rising to 3.997% but below 4.5% threshold; moderate headwind for growth stock multiples, requiring caution but not prohibitive for longs.","{""asset"": ""GOOGL"", ""regime"": ""Trending"", ""action"": ""long"", ""bias_score"": 0.75, ""entry_zone"": ""257.68 – 261.46"", ""profit_target"": 281.58, ""stop_loss"": 252.02, ""risk_reward_ratio"": 2.915, ""invalidation_condition"": ""Price closes below EMA20 (248.48) or MACD turns negative, indicating trend breakdown."", ""macro_catalyst"": ""Tech sector support from QQQ uptrend, but tempered by rising yields and strong DXY pressuring international revenues."", ""technical_setup"": ""Golden Cross with EMA20>EMA50>EMA200, price above all EMAs, MACD positive and rising, RSI-7=71.43 confirming momentum in Trending regime, OBV rising with price, breakout above Bollinger Upper Band."", ""justification"": ""GOOGL in strong Trending regime with bullish EMA alignment and positive momentum. RSI high but acceptable in trends. Risk-reward meets criteria (R:R>2.5) with stop below key support. Outperforming QQQ adds conviction, though rising yields and strong DXY moderate bias.""}"
2025-10-31,long,281.797163766903,271.95,STOP_LOSS,-3.4944,False,10.0,0.6,Trending,Neutral,QQQ高于EMA20，科技板块处于中期上升趋势中，为个股提供正向背景。GOOGL近5日相对强度(RS)跑赢板块，显示个股Alpha积累，有利于多头。,10年期国债收益率(4.101%)近期温和上升，对成长股估值有轻微压缩效应，但绝对水平未进入危险区域(>4.5%)，暂不构成主要逆风。,"{""asset"": ""GOOGL"", ""regime"": ""Trending"", ""action"": ""long"", ""bias_score"": 0.6, ""entry_zone"": ""278.6 – 283.02"", ""profit_target"": 306.64, ""stop_loss"": 271.95, ""risk_reward_ratio"": 2.92, ""invalidation_condition"": ""日线收盘价跌破EMA20(258.99)或MACD柱状图开始收缩走平，显示上升动量衰竭。"", ""macro_catalyst"": ""科技板块(QQQ)偏多环境 + GOOGL相对强度(RS)持续跑赢，显示资金向该AI/云龙头聚集。"", ""technical_setup"": ""强势多头排列(Golden Cross)，价格>EMA20>EMA50>EMA200，MACD(9.61)为正且柱状图持续扩大，ADX(26.5)>25确认强趋势。RSI-7(84.01)极高，但在Trending regime中视为动量确认。价格触及布林带上轨(%B:0.998)，短期可能面临阻力或盘整。"", ""justification"": ""GOOGL处于明确的Trending regime，技术结构强劲。AI/云叙事支撑基本面。尽管RSI极高显示短期延伸过度(限制bias_score至0.65上限)，但趋势指标未出现显著背离或衰竭。基于预计算锚点，从当前价出发可达到R:R>2.5，满足带缓冲的风险管理要求。在QQQ板块支撑下，策略为等待价格回调至entry_zone(如靠近278.6)时建立多头，博弈趋势延续，目标前高延伸区域。""}"
2025-11-07,long,284.03413439651047,,INVALID_RR,,,,0.7,Trending,Neutral,QQQ短期调整（低于EMA20，5日跌3.5%），科技板块承压，但GOOGL相对强度（RS比率5日升1.9%）跑赢板块，显示个股Alpha积累。,10Y收益率下降（4.093%，5日降0.3%）支持成长股估值扩张，无利率相关多头减分因素。,"{""asset"": ""GOOGL"", ""regime"": ""Trending"", ""action"": ""long"", ""bias_score"": 0.7, ""entry_zone"": ""276.19 – 280.71"", ""profit_target"": 304.84, ""stop_loss"": 269.4, ""risk_reward_ratio"": 2.92, ""invalidation_condition"": ""价格跌破EMA20（267.81）或MACD转负（低于0），表明趋势弱化。"", ""macro_catalyst"": ""10Y收益率下降提供估值支撑；弱美元（DXY下跌）利好海外收入；GOOGL相对QQQ强势显示资金轮动。"", ""technical_setup"": ""Golden Cross（EMA20>EMA50>EMA200），MACD正（10.55），ADX>25强趋势，价格回调至EMA20支撑区域（+4.0%），OBV上升量价配合，RSI-14（65.23）中性无超买。"", ""justification"": ""GOOGL处于强上升趋势，今日回调-2.08%是健康拉回，接近EMA20支撑。趋势制度下，RSI未超买，MACD正，风险回报比2.92（基于预计算锚点）满足要求，止损设于关键支撑下。""}"
2025-11-14,no_trade,,,NO_TRADE,,,,0.45,Trending,Neutral,QQQ价格位于EMA20(615.21)下方，且近期趋势向下(-2.3% 5日)。GOOGL/QQQ相对强度比率在5日内下降2.5%，表明GOOGL近期表现落后于科技板块整体。板块环境对单独做多GOOGL构成逆风。,10年期国债收益率(4.148%)在5日内上升，处于对成长股估值产生温和压缩的区间。虽然未超过4.5%的关键阈值，但上升趋势与科技板块疲软共同构成谨慎背景。,"{""asset"": ""GOOGL"", ""regime"": ""Trending"", ""action"": ""no_trade"", ""bias_score"": 0.45, ""entry_zone"": null, ""profit_target"": null, ""stop_loss"": null, ""risk_reward_ratio"": null, ""invalidation_condition"": ""价格放量跌破EMA50(255.91)将破坏长期上升结构。"", ""macro_catalyst"": ""科技板块（QQQ）短期回调与利率上升带来的估值压力，削弱了独立做多的宏观支撑。"", ""technical_setup"": ""长期EMA多头排列(Golden Cross)，但价格自52周高点回落，MACD(9.07)从高点下滑显示短期动量减弱，RSI-7(45.58)从超买区快速冷却，Stochastic死叉，OBV(5日)呈下降趋势。"", ""justification"": ""核心矛盾：长期技术趋势（EMA多头，ADX>25）仍完好，但面临多重短期逆风。1) 板块弱势：QQQ下行且GOOGL跑输板块，降低做多优先级。2) 动量衰竭：MACD、RSI、Stochastic均显示短期上涨动能消退，价格正在回调。3) 量价背离：近期OBV趋势下降，需警惕。在回调寻找支撑（如EMA50）且板块企稳前，入场做多的风险回报吸引力不足，胜率偏低。等待更清晰的企稳信号。""}"
2025-11-21,long,310.70789188393536,,INVALID_RR,,,,0.8,Trending,Neutral,QQQ低于EMA20，5日下跌2.3%，科技板块整体承压。但GOOGL相对强度（GOOGL/QQQ比率）5日上升7.6%，跑赢板块，显示个股Alpha积累。,10年期国债收益率下降（5日-1.7%至4.063%），低于4.5%警戒线，利好成长股估值扩张，为GOOGL提供支撑。,"{""asset"": ""GOOGL"", ""regime"": ""Trending"", ""action"": ""long"", ""bias_score"": 0.8, ""entry_zone"": ""296.15 – 302.35"", ""profit_target"": 335.4, ""stop_loss"": 286.85, ""risk_reward_ratio"": 2.915, ""invalidation_condition"": ""价格跌破286.85（stop_loss），或EMA20转跌，或MACD转负并下穿信号线。"", ""macro_catalyst"": ""10年期收益率下降支持成长股估值；GOOGL AI/Cloud增长叙事持续，叠加相对强度跑赢科技板块。"", ""technical_setup"": ""Golden Cross（EMA20>EMA50>EMA200），价格高于所有EMA；MACD正且上升（9.31）；RSI-7为70.63（Trending中为动量确认）；ADX 28.0>25强趋势；OBV上升量价配合；布林带%B 1.033显示强势。"", ""justification"": ""GOOGL处于强劲上升趋势，EMA多头排列，MACD和RSI确认动量。尽管QQQ板块受压，但个股跑赢显示Alpha。利率环境利好，R:R≥2.5满足风险要求。在Trending中，RSI>70非反转信号。""}"
2025-12-01,long,316.3102616947243,301.97,STOP_LOSS,-4.5336,False,12.0,0.75,Trending,Risk-On,"QQQ in uptrend above EMA20 (+2.0% over 5 days), indicating positive tech sector momentum. However, GOOGL has underperformed QQQ with RS ratio down 3.1% over 5 days, suggesting sector rotation or relative weakness.","10Y Treasury yield at 4.096%, rising 1.4% over 5 days. This imposes mild multiple compression headwind for growth stocks like GOOGL, but yield remains below critical 4.5% threshold, limiting severe impact.","{""asset"": ""GOOGL"", ""regime"": ""Trending"", ""action"": ""long"", ""bias_score"": 0.75, ""entry_zone"": ""311.34 – 317.58"", ""profit_target"": 350.89, ""stop_loss"": 301.97, ""risk_reward_ratio"": 2.92, ""invalidation_condition"": ""Daily close below EMA20 (295.55) or MACD turning negative (crossing below signal line)."", ""macro_catalyst"": ""AI/Cloud growth narrative supports long-term premium; weak dollar (DXY down) benefits international revenue. Rising yields pose mild risk but VIX low (17.24) supports risk-on sentiment."", ""technical_setup"": ""Golden Cross (EMA20>EMA50>EMA200), price > EMA20 (+6.4%), MACD positive (14.34), ADX strong at 34.3. RSI-14 at 68.29 confirms momentum in Trending regime. OBV rising supports accumulation, but Stochastic death cross and slight MACD dip indicate short-term consolidation."", ""justification"": ""Trending regime with strong EMA structure and positive MACD. Entry near current price with R:R >2.5 provides gap buffer. Underperformance vs QQQ and rising yields reduce confidence, but overall setup favors pullback buys in uptrend.""}"
2025-12-08,long,312.15025542764414,302.23,STOP_LOSS,-3.178,False,7.0,0.7,Trending,Neutral,QQQ处于上升趋势（价格高于EMA20），科技板块偏多，但GOOGL近5日相对强度跑输QQQ（RS下降1.0%），显示板块内轮动压力。,10年期国债收益率上升至4.172%，对成长股估值有轻微压缩作用，但未超过4.5%关键水平，影响中性偏谨慎。,"{""asset"": ""GOOGL"", ""regime"": ""Trending"", ""action"": ""long"", ""bias_score"": 0.7, ""entry_zone"": ""310.68 – 316.32"", ""profit_target"": 346.37, ""stop_loss"": 302.23, ""risk_reward_ratio"": 2.92, ""invalidation_condition"": ""价格跌破EMA20（304.06）并伴随MACD转负或QQQ转跌，表明趋势破坏。"", ""macro_catalyst"": ""AI/Cloud增长和数字广告市场稳定提供基本面支撑，但利率上升和相对弱势构成短期阻力。"", ""technical_setup"": ""Golden Cross（EMA20>EMA50>EMA200），ADX（37.3）强趋势，MACD正（12.87），RSI中性（55.0/62.47），但动量从近期高点放缓。"", ""justification"": ""趋势结构完好，价格在EMA20上方调整，提供多头入场机会。R:R≥2.5满足风险要求，但相对强度弱和利率上升降低置信度，适合谨慎做多。""}"
2025-12-15,long,304.7354841263937,297.15,STOP_LOSS,-2.4892,False,2.0,0.55,Trending,Neutral,QQQ短期承压，低于EMA20，5日下跌2.3%，科技板块整体调整。GOOGL相对QQQ比率5日下降0.5%，跑输板块，表明板块内轮动压力。,10Y收益率下降至4.182%，利好成长股估值扩张，无多重压缩压力。,"{""asset"": ""GOOGL"", ""regime"": ""Trending"", ""action"": ""long"", ""bias_score"": 0.55, ""entry_zone"": ""305.29 – 310.71"", ""profit_target"": 339.64, ""stop_loss"": 297.15, ""risk_reward_ratio"": 2.92, ""invalidation_condition"": ""价格跌破EMA50（286.45）或MACD转为负值"", ""macro_catalyst"": ""利率下降支持成长股估值，美元走弱利好海外收入。"", ""technical_setup"": ""EMA多头排列（EMA20>EMA50>EMA200），价格回调至EMA20支撑，ADX>25强趋势，但MACD下降、OBV背离显示短期动量减弱。"", ""justification"": ""长期上升趋势未破，回调至EMA20提供买入机会。利率利好，但短期动量减弱和相对强度落后降低信心，风险回报比达标。""}"
2025-12-22,long,309.41219480947996,339.56,TAKE_PROFIT,9.7436,True,14.0,0.65,Trending,Risk-On,"QQQ trending above EMA20, tech sector bullish, but GOOGL underperforming QQQ in short term.","10Y yield rising, causing valuation compression for growth stocks, but yield level below 4.5% limits immediate headwind.","{""asset"": ""GOOGL"", ""regime"": ""Trending"", ""action"": ""long"", ""bias_score"": 0.65, ""entry_zone"": ""306.99 - 312.13"", ""profit_target"": 339.56, ""stop_loss"": 299.28, ""risk_reward_ratio"": 2.92, ""invalidation_condition"": ""Price closing below EMA50 (289.7) or MACD turning negative."", ""macro_catalyst"": ""Low VIX risk-on environment supporting tech stocks, but rising yields and strong dollar pose mild headwinds."", ""technical_setup"": ""Golden Cross with EMA20>EMA50>EMA200, MACD positive, RSI neutral recovering, OBV rising."", ""justification"": ""GOOGL in uptrend with bullish EMA alignment. Recent pullback to EMA20 offers buying opportunity. RSI not overbought, and risk/reward favorable with stop below key support.""}"
2025-12-30,long,312.62992729269524,338.51,TAKE_PROFIT,8.2782,True,9.0,0.85,Trending,Risk-On,QQQ（619.43）位于其EMA20（617.6）之上，呈现短期偏多态势。GOOGL近5日相对强度（RS）上升0.3%，跑赢板块，显示个股存在Alpha积累。科技板块整体环境为多头提供支撑。,10年期美债收益率（4.13%）处于5日下降趋势中，为成长股估值扩张提供利好。当前收益率水平不构成对科技股多头的显著压力。,"{""asset"": ""GOOGL"", ""regime"": ""Trending"", ""action"": ""long"", ""bias_score"": 0.85, ""entry_zone"": ""311.5 – 315.76"", ""profit_target"": 338.51, ""stop_loss"": 308.0, ""risk_reward_ratio"": 4.42, ""invalidation_condition"": ""价格日线收盘跌破EMA50（294.06）或MACD下穿零轴转为负值，将破坏当前上涨动能和趋势结构。"", ""macro_catalyst"": ""利率下降环境支持成长股估值，叠加QQQ板块偏多及GOOGL相对强度走强，为个股Alpha提供宏观和板块层面的双重驱动。"", ""technical_setup"": ""Golden Cross多头排列（EMA20>EMA50>EMA200），价格在所有关键EMA之上。MACD为正，显示上涨动量。RSI（58.6）处于中性区域，未超买。ADX（21.8）>20确认趋势形成。OBV上升，量价配合良好。"", ""justification"": ""宏观利率环境有利，板块偏多且个股Alpha显现。技术上处于明确的Trending regime，价格在EMA20获得支撑后反弹，多重指标（EMA、MACD、RSI、ADX）确认上涨趋势和动量。当前价格处于预设入场区间，风险回报比（4.42）优越。做多主趋势回调后的延续。""}"
