date,action,entry_price,exit_price,exit_reason,pnl_pct,win,days_held,bias_score,regime,sentiment,raw_signal
2024-01-02,long,2034.199951171875,2030.0,STOP_LOSS,-0.2065,False,4.0,0.7,Trending,Neutral,"{""asset"": ""GOLD"", ""regime"": ""Trending"", ""action"": ""long"", ""bias_score"": 0.7, ""entry_zone"": ""2040-2050 (near EMA20 support)"", ""profit_target"": 2135.0, ""stop_loss"": 2030.0, ""risk_reward_ratio"": 2.05, ""invalidation_condition"": ""Daily close below 2030 (below EMA20 and key support)"", ""macro_catalyst"": ""Potential safe-haven demand amid geopolitical tensions; lower real yields supportive."", ""technical_setup"": ""Price above rising EMA20 & EMA50, positive MACD, RSI neutral confirming uptrend."", ""justification"": ""Trending regime with pullback to EMA20 support. MACD positive, RSI ~61 no divergence. Target 2135 offers R:R >2 with stop at 2030 (1.6x ATR).""}"
2024-01-09,no_trade,,,NO_TRADE,,,,0.3,Mean-Reverting,Neutral,"{""asset"": ""GOLD"", ""regime"": ""Mean-Reverting"", ""action"": ""no_trade"", ""bias_score"": 0.3, ""entry_zone"": ""N/A"", ""profit_target"": null, ""stop_loss"": null, ""risk_reward_ratio"": null, ""invalidation_condition"": ""N/A"", ""macro_catalyst"": ""DXY strength and fading bullish momentum"", ""technical_setup"": ""Price below EMA-20, MACD declining but positive, RSI neutral"", ""justification"": ""Gold in correction after recent highs, with RSI neutral and no clear oversold/overbought signals. DXY pressure adds downside risk. Await extreme RSI or trend confirmation for entry.""}"
2024-01-17,long,2012.800048828125,,INVALID_RR,,,,0.4,Mean-Reverting,Risk-On,"{""asset"": ""GOLD"", ""regime"": ""Mean-Reverting"", ""action"": ""long"", ""bias_score"": 0.4, ""entry_zone"": ""2000-2005"", ""profit_target"": 2038.0, ""stop_loss"": 1985.0, ""risk_reward_ratio"": 2.01, ""invalidation_condition"": ""Price closes below 1985.0"", ""macro_catalyst"": ""DXY strength contrasts with oversold technical condition, potential for mean reversion bounce."", ""technical_setup"": ""RSI-7 oversold at 34.65, price near EMA-50 support at 2012.69, with MACD positive but declining."", ""justification"": ""Mean-reversion setup with RSI-7 oversold, targeting bounce to EMA-20 resistance at 2030.62, but macro DXY pressure limits conviction; R:R ≥ 2.0 achieved with stop at 1985.0.""}"
2024-01-24,no_trade,,,NO_TRADE,,,,0.3,Choppy,Neutral,"{""asset"": ""GOLD"", ""regime"": ""Choppy"", ""action"": ""no_trade"", ""bias_score"": 0.3, ""entry_zone"": ""N/A"", ""profit_target"": null, ""stop_loss"": null, ""risk_reward_ratio"": null, ""invalidation_condition"": ""N/A"", ""macro_catalyst"": ""Lacking clear macro catalyst; price action driven by range-bound trading and neutral sentiment."", ""technical_setup"": ""Price below declining EMA20 (2026.53), negative MACD (-1.65), neutral RSI-14 (46.31), and ATR-14 (18.95) indicating choppy volatility."", ""justification"": ""Daily price oscillates near 50-day EMA (2014.06) with no clear trend; MACD negative but RSI neutral, suggesting choppy conditions without high-probability entry. Risk-reward insufficient for swing trade.""}"
2024-01-31,long,2040.199951171875,2025.0,STOP_LOSS,-0.745,False,3.0,0.6,Trending,Neutral,"{""asset"": ""GOLD"", ""regime"": ""Trending"", ""action"": ""long"", ""bias_score"": 0.6, ""entry_zone"": ""2035-2045 (回调至EMA20附近)"", ""profit_target"": 2095.2, ""stop_loss"": 2025.0, ""risk_reward_ratio"": 2.0, ""invalidation_condition"": ""日收盘价低于2025.0，趋势结构破坏。"", ""macro_catalyst"": ""美元疲软预期与避险需求提供支撑。"", ""technical_setup"": ""价格站上EMA20/50，MACD转正，RSI-14中性偏强无背离。"", ""justification"": ""趋势制度确立，价格突破近期震荡区间，MACD转正确认动量向上。尽管RSI-7较高，但趋势中视为动量信号。基于当前价格计算，风险回报比达标。""}"
2024-02-07,no_trade,,,NO_TRADE,,,,0.3,Mean-Reverting,Neutral,"{""asset"": ""GOLD"", ""regime"": ""Mean-Reverting"", ""action"": ""no_trade"", ""bias_score"": 0.3, ""entry_zone"": ""N/A"", ""profit_target"": null, ""stop_loss"": null, ""risk_reward_ratio"": null, ""invalidation_condition"": ""N/A"", ""macro_catalyst"": ""No macro catalyst provided in data. Relying on technical structure."", ""technical_setup"": ""Price oscillating around flat EMA20 (2031), MACD positive but near zero, RSI neutral at 52."", ""justification"": ""Daily price action shows choppy consolidation between 2016-2053 for 10+ sessions. No clear trend. EMA20 flat. Weekly MACD declining from highs, suggesting momentum loss. ATR (18.7) implies wide stops for a small range. No high-probability edge for swing trade.""}"
2024-02-14,long,1993.5999755859375,,INVALID_RR,,,,0.5,Mean-Reverting,Neutral,"{""asset"": ""GOLD"", ""regime"": ""Mean-Reverting"", ""action"": ""long"", ""bias_score"": 0.5, ""entry_zone"": ""1988-1992"", ""profit_target"": 2021.0, ""stop_loss"": 1975.0, ""risk_reward_ratio"": 2.0, ""invalidation_condition"": ""Daily close below 1970"", ""macro_catalyst"": ""Potential pause in dollar rally or safe-haven demand"", ""technical_setup"": ""RSI-7 oversold at 23.38, price near EMA50 support, MACD negative but may be bottoming"", ""justification"": ""Severe oversold conditions suggest bounce; long with tight stop targeting mean reversion to 2021.""}"
2024-02-22,no_trade,,,NO_TRADE,,,,0.3,Choppy,Neutral,"{""asset"": ""GOLD"", ""regime"": ""Choppy"", ""action"": ""no_trade"", ""bias_score"": 0.3, ""entry_zone"": ""N/A"", ""profit_target"": null, ""stop_loss"": null, ""risk_reward_ratio"": null, ""invalidation_condition"": ""N/A"", ""macro_catalyst"": ""Absent macro context (DXY, yields). Technically trapped between recent high ($2053) and low ($1990)."", ""technical_setup"": ""Price ($2019.7) oscillating around flat EMA20 ($2020.46). MACD negative but converging (-3.31). RSI-14 neutral at 49.25. Volume extremely low (964 vs 9,412 avg)."", ""justification"": ""Choppy regime with no clear directional catalyst. Price trapped in a $60 range around EMA20. Extremely low volume suggests lack of conviction. No high-probability swing setup with required R:R ≥ 2.0. Wait for a break of $2053 or failure below $1990 with volume confirmation.""}"
2024-02-29,long,2043.0999755859375,2100.0,TAKE_PROFIT,2.785,True,2.0,0.65,Trending,Neutral,"{""asset"": ""GOLD"", ""regime"": ""Trending"", ""action"": ""long"", ""bias_score"": 0.65, ""entry_zone"": ""2035.0 - 2040.0"", ""profit_target"": 2100.0, ""stop_loss"": 2025.0, ""risk_reward_ratio"": 2.62, ""invalidation_condition"": ""Daily close below 2025.0 (below EMA20 & key support), which would break the immediate uptrend structure."", ""macro_catalyst"": ""Potential safe-haven flows and anticipation of central bank policy shifts supporting non-yielding assets."", ""technical_setup"": ""Price above rising EMA20/50, bullish MACD crossover & rising histogram, RSI confirming momentum without divergence."", ""justification"": ""Trending bullish regime established. Price broke recent consolidation highs. Momentum is positive (MACD turning up from zero, RSI-7 at 66 shows strength, not extreme). Aim to buy a pullback towards the EMA20/support zone for a swing targeting the weekly resistance area near 2100.""}"
2024-03-07,long,2167.300048828125,,INVALID_RR,,,,0.7,Trending,Risk-Off,"{""asset"": ""GOLD"", ""regime"": ""Trending"", ""action"": ""long"", ""bias_score"": 0.7, ""entry_zone"": ""2150.0-2160.0"", ""profit_target"": 2200.0, ""stop_loss"": 2140.0, ""risk_reward_ratio"": 2.333, ""invalidation_condition"": ""Price closes below 2140.0 or daily MACD turns negative"", ""macro_catalyst"": ""Inflation concerns and safe-haven demand driving rally, potentially due to dollar weakness."", ""technical_setup"": ""Price above rising EMA-20 (2068.46), bullish MACD (28.86), high RSI-14 (79.25) confirming momentum in trending regime."", ""justification"": ""Strong uptrend with price action and indicators aligned; high RSI is momentum confirmation, not overbought in trend; R:R 2.33 based on current price 2158.0, stop at 2140.0 (≥0.8×ATR-14).""}"
2024-03-14,long,2161.699951171875,2147.0,STOP_LOSS,-0.68,False,2.0,0.65,Trending,Neutral,"{""asset"": ""GOLD"", ""regime"": ""Trending"", ""action"": ""long"", ""bias_score"": 0.65, ""entry_zone"": ""2155-2165"", ""profit_target"": 2200.0, ""stop_loss"": 2147.0, ""risk_reward_ratio"": 2.3125, ""invalidation_condition"": ""Daily close below 2147 (stop_loss) or break of key support at 2140."", ""macro_catalyst"": ""Safe-haven demand amid macro uncertainty; weak DXY supportive."", ""technical_setup"": ""Price above rising EMAs (20>50), bullish MACD, RSI in trending zone without bearish divergence."", ""justification"": ""GOLD in bullish trending regime; long on pullbacks with R:R >2; stop below recent support for swing trade.""}"
2024-03-21,long,2179.199951171875,2247.2,TAKE_PROFIT,3.1204,True,6.0,0.65,Trending,Neutral,"{""asset"": ""GOLD"", ""regime"": ""Trending"", ""action"": ""long"", ""bias_score"": 0.65, ""entry_zone"": ""2165-2175 (pullback towards recent consolidation/20-day EMA)"", ""profit_target"": 2247.2, ""stop_loss"": 2149.0, ""risk_reward_ratio"": 2.0, ""invalidation_condition"": ""Daily close below 2149.0 (below key swing low and 50-day EMA)"", ""macro_catalyst"": ""Safe-haven bid, potential central bank buying, and geopolitical risk premium."", ""technical_setup"": ""Price above rising 20/50-day EMAs (Golden Cross), positive MACD, high RSI confirming momentum in Trending regime."", ""justification"": ""Strong Trending regime with Golden Cross intact. High RSI (71.5) is momentum confirmation, not overbought warning. Wait for intraday pullback for better entry. Stop set below key support & >0.8x ATR, target offers 2:1 R:R.""}"
2024-03-28,long,2235.699951171875,,INVALID_RR,,,,0.7,Trending,Risk-Off,"{""asset"": ""GOLD"", ""regime"": ""Trending"", ""action"": ""long"", ""bias_score"": 0.7, ""entry_zone"": ""2195-2215"", ""profit_target"": 2352.0, ""stop_loss"": 2150.0, ""risk_reward_ratio"": 2.04, ""invalidation_condition"": ""Daily close below 2150.0 (below key support & EMA20)."", ""macro_catalyst"": ""Strong uptrend driven by safe-haven demand, potential Fed policy pivot expectations, and persistent inflation hedge flows."", ""technical_setup"": ""Powerful Trending regime: Price well above rising EMA20 (2152) & EMA50 (2100). Weekly MACD and RSI confirm strong momentum. High daily RSI (72.94) is momentum confirmation, not overbought in this trend."", ""justification"": ""Trending bull regime intact. No bearish divergence on daily/weekly. RSI >70 is confirmation, not a warning. Long on pullback with wide ATR-based stop. Risk/Reward valid. Default to trend-following logic.""}"
2024-04-05,long,2325.60009765625,2420.0,TAKE_PROFIT,4.0592,True,5.0,0.7,Trending,Risk-On,"{""asset"": ""GOLD"", ""regime"": ""Trending"", ""action"": ""long"", ""bias_score"": 0.7, ""entry_zone"": ""2310-2330"", ""profit_target"": 2420.0, ""stop_loss"": 2280.0, ""risk_reward_ratio"": 2.07, ""invalidation_condition"": ""Daily close below 20-day EMA (2204.76) or DXY breaking above 106.00 with momentum."", ""macro_catalyst"": ""Potential safe-haven demand amid geopolitical tensions; central bank buying and weaker USD narrative."", ""technical_setup"": ""Strong Trending regime: Price well above rising EMA20/50, MACD accelerating positive, RSI >80 confirms momentum (not overbought in trend)."", ""justification"": ""Golden Cross (50>200), accelerating bullish momentum (MACD↑, RSI↑). Trending regime - high RSI is momentum confirmation. R:R ≥2.0 with stop below today's low (2267.4) and ATR-based distance met.""}"
2024-04-19,long,2383.300048828125,2345.0,STOP_LOSS,-1.607,False,1.0,0.75,Trending,Risk-On,"{""asset"": ""GOLD"", ""regime"": ""Trending"", ""action"": ""long"", ""bias_score"": 0.75, ""entry_zone"": ""2380-2395"", ""profit_target"": 2500.0, ""stop_loss"": 2345.0, ""risk_reward_ratio"": 2.14, ""invalidation_condition"": ""Daily close below 2345 (break of recent consolidation support)."", ""macro_catalyst"": ""Persistent inflation hedging demand and expectations of Fed easing, overriding high nominal yields."", ""technical_setup"": ""Price significantly above rising EMA20/50, strong bullish MACD, RSI >70 confirming trend momentum (no bearish divergence)."", ""justification"": ""Trending regime with powerful macro tailwind. High RSI is momentum confirmation, not reversal. Enter on minor pullback; target 2500 with ATR-based stop.""}"
2024-04-26,long,2334.800048828125,2308.8,STOP_LOSS,-1.1136,False,2.0,0.6,Trending,Neutral,"{""asset"": ""GOLD"", ""regime"": ""Trending"", ""action"": ""long"", ""bias_score"": 0.6, ""entry_zone"": ""2315-2335"", ""profit_target"": 2400.0, ""stop_loss"": 2308.8, ""risk_reward_ratio"": 2.51, ""invalidation_condition"": ""Price closes below 2300, indicating trend breakdown."", ""macro_catalyst"": ""Potential USD strength pressuring gold, but long-term uptrend intact amid inflation and geopolitical risks."", ""technical_setup"": ""Price above rising EMA-20 (2316.8), RSI-14 (60.01) neutral, MACD positive but declining suggesting pullback within trend."", ""justification"": ""Trending regime with pullback to EMA support; favorable R:R ≥ 2.0; stop set beyond ATR-14 threshold for swing trade.""}"
2024-05-10,long,2358.300048828125,2320.0,STOP_LOSS,-1.6241,False,14.0,0.7,Trending,Neutral,"{""asset"": ""GOLD"", ""regime"": ""Trending"", ""action"": ""long"", ""bias_score"": 0.7, ""entry_zone"": ""2355.0 - 2367.3"", ""profit_target"": 2465.0, ""stop_loss"": 2320.0, ""risk_reward_ratio"": 2.07, ""invalidation_condition"": ""Daily close below 2320 or MACD turning negative"", ""macro_catalyst"": ""Trend continuation driven by bullish momentum and potential macro uncertainties (e.g., inflation, geopolitics)"", ""technical_setup"": ""Price above EMA20/50, bullish MACD rising, RSI high but confirming uptrend with no divergence"", ""justification"": ""Gold in strong uptrend: price > EMAs, MACD bullish, RSI high is momentum confirmation in trending regime. Enter long on pullbacks with stop below EMA20 for R:R ≥ 2.0.""}"
2024-05-17,long,2415.800048828125,2375.0,STOP_LOSS,-1.6889,False,4.0,0.7,Trending,Neutral,"{""asset"": ""GOLD"", ""regime"": ""Trending"", ""action"": ""long"", ""bias_score"": 0.7, ""entry_zone"": ""2390-2400"", ""profit_target"": 2486.6, ""stop_loss"": 2375.0, ""risk_reward_ratio"": 2.0, ""invalidation_condition"": ""Price closes below 2375.0, breaking key support and trend structure."", ""macro_catalyst"": ""DXY weakness and safe-haven demand amid potential geopolitical or inflation risks."", ""technical_setup"": ""Golden Cross (EMA20 > EMA50), bullish MACD rising, price above EMA20 with no RSI divergence."", ""justification"": ""Strong trending regime with bullish momentum; high RSI is confirmation, not a reversal signal. Macro backdrop supports further upside with disciplined risk management.""}"
2024-05-24,long,2336.89990234375,,INVALID_RR,,,,0.6,Mean-Reverting,Risk-Off,"{""asset"": ""GOLD"", ""regime"": ""Mean-Reverting"", ""action"": ""long"", ""bias_score"": 0.6, ""entry_zone"": ""2315 - 2325"", ""profit_target"": 2400.0, ""stop_loss"": 2280.0, ""risk_reward_ratio"": 2.3, ""invalidation_condition"": ""Daily close below 2275 (key support below 50-day EMA and recent swing low) invalidates the mean-reversion bounce thesis."", ""macro_catalyst"": ""Gold in a healthy correction after a parabolic move; long-term uptrend (20EMA > 50EMA) intact. Positioning for a bounce from key moving average support as geopolitical and central bank demand themes remain."", ""technical_setup"": ""Price (2332.5) in a sharp pullback from 2433.9 to test the rising 50-day EMA (2299.9). Daily RSI-7 (38.08) oversold, MACD positive but declining, indicating momentum washout. Weekly trend (MACD positive, RSI neutral) remains supportive."", ""justification"": ""Mean-reversion setup: Strong weekly uptrend meets a deep daily oversold pullback to key 50-day EMA support. Risk/Reward favors a long swing targeting a return toward 2400, with a stop guarding against a breakdown.""}"
2024-06-03,no_trade,,,NO_TRADE,,,,0.2,Mean-Reverting,Neutral,"{""asset"": ""GOLD"", ""regime"": ""Mean-Reverting"", ""action"": ""no_trade"", ""bias_score"": 0.2, ""entry_zone"": ""N/A"", ""profit_target"": null, ""stop_loss"": null, ""risk_reward_ratio"": null, ""invalidation_condition"": ""N/A"", ""macro_catalyst"": ""Gold correcting from overbought weekly levels; lack of clear directional catalyst."", ""technical_setup"": ""Price consolidating near EMA20 (2350.15), MACD positive but declining (6.9), RSI-14 neutral (50.6)."", ""justification"": ""Mean-reverting regime after weekly overbought correction; daily price action choppy with neutral RSI, no clear entry signal. Low volume anomaly suggests caution.""}"
2024-06-17,no_trade,,,NO_TRADE,,,,0.3,Mean-Reverting,Neutral,"{""asset"": ""GOLD"", ""regime"": ""Mean-Reverting"", ""action"": ""no_trade"", ""bias_score"": 0.3, ""entry_zone"": ""N/A"", ""profit_target"": null, ""stop_loss"": null, ""risk_reward_ratio"": null, ""invalidation_condition"": ""N/A"", ""macro_catalyst"": ""Potential USD strength and correction from overbought conditions"", ""technical_setup"": ""Price testing 50-day EMA at 2313.03, MACD negative at -6.21, RSI-14 neutral at 46.45"", ""justification"": ""Gold in mean-reverting regime after overbought weekly RSI; daily RSI neutral, no extreme signal for entry. Correction ongoing without clear oversold or overbought level.""}"
2024-06-25,no_trade,,,NO_TRADE,,,,0.3,Choppy,Neutral,"{""asset"": ""GOLD"", ""regime"": ""Choppy"", ""action"": ""no_trade"", ""bias_score"": 0.3, ""entry_zone"": ""Not applicable"", ""profit_target"": null, ""stop_loss"": null, ""risk_reward_ratio"": null, ""invalidation_condition"": ""N/A"", ""macro_catalyst"": ""Lacking clear macro catalyst; technicals show consolidation without dominant driver."", ""technical_setup"": ""Price oscillating below EMA20 (2331.0) with negative MACD (-4.34), RSI-14 neutral at 47.35, indicating range-bound conditions."", ""justification"": ""Daily price action shows choppy regime between 2300-2370 with no clear trend or RSI extremes; MACD negative but not strongly, and volume anomaly noted but not vetoing. Risk-reward setup fails as stop distance or R:R cannot meet criteria without forced levels.""}"
2024-07-02,no_trade,,,NO_TRADE,,,,0.3,Choppy,Neutral,"{""asset"": ""GOLD"", ""regime"": ""Choppy"", ""action"": ""no_trade"", ""bias_score"": 0.3, ""entry_zone"": ""N/A"", ""profit_target"": null, ""stop_loss"": null, ""risk_reward_ratio"": null, ""invalidation_condition"": ""N/A"", ""macro_catalyst"": ""No clear macro catalyst; price driven by technical range-trading."", ""technical_setup"": ""Price oscillating around flat EMA20 (2327.2), MACD negative but converging, RSI neutral (48.85), volume low."", ""justification"": ""Daily chart shows choppy consolidation without trend. No high-probability entry due to lack of directional momentum and neutral RSI.""}"
2024-07-10,long,2378.699951171875,,INVALID_RR,,,,0.65,Trending,Neutral,"{""asset"": ""GOLD"", ""regime"": ""Trending"", ""action"": ""long"", ""bias_score"": 0.65, ""entry_zone"": ""2365.0 - 2375.0"", ""profit_target"": 2436.6, ""stop_loss"": 2340.0, ""risk_reward_ratio"": 2.0, ""invalidation_condition"": ""Daily close below the 20-day EMA (2342.9) and 50-day EMA (2326.0) confluence zone, breaking the uptrend structure."", ""macro_catalyst"": ""Potential safe-haven demand and expectations of monetary policy easing supporting bullion."", ""technical_setup"": ""Price above rising EMA20/50 (bullish alignment). Daily MACD positive and rising, confirming uptrend momentum. RSI (56/61) neutral in a trending regime, not overbought."", ""justification"": ""Trending regime with bullish daily momentum (MACD >0, price >EMA20/50). Pullback from weekly high 2415 offers long entry. R:R 2.0 met with stop placed below key EMAs.""}"
2024-07-17,long,2466.0,,INVALID_RR,,,,0.65,Trending,Neutral,"{""asset"": ""GOLD"", ""regime"": ""Trending"", ""action"": ""long"", ""bias_score"": 0.65, ""entry_zone"": ""2445.0 - 2455.0"", ""profit_target"": 2508.8, ""stop_loss"": 2428.3, ""risk_reward_ratio"": 2.0, ""invalidation_condition"": ""Daily close below 2428.3 (below key support and 1 ATR)"", ""macro_catalyst"": ""Safe-haven demand, potential central bank buying, and inflation hedge."", ""technical_setup"": ""Price above rising EMA20/50, bullish MACD acceleration, RSI high but consistent with strong trend."", ""justification"": ""Strong trending regime with bullish MACD and price structure. High RSI is momentum confirmation, not reversal signal. Entry on minor pullback with 2:1 R:R.""}"
2024-07-24,long,2365.5,,INVALID_RR,,,,0.55,Trending,Neutral,"{""asset"": ""GOLD"", ""regime"": ""Trending"", ""action"": ""long"", ""bias_score"": 0.55, ""entry_zone"": ""2410.0 - 2415.0"", ""profit_target"": 2470.0, ""stop_loss"": 2385.0, ""risk_reward_ratio"": 2.0, ""invalidation_condition"": ""Price closes below 2385.0, indicating trend breakdown."", ""macro_catalyst"": ""Safe-haven demand amid geopolitical and inflation concerns supports bullish bias."", ""technical_setup"": ""Price above rising 20-day and 50-day EMAs; MACD positive; RSI neutral in trending regime."", ""justification"": ""Daily uptrend intact with pullback to EMA-20; long entry targets 2470 with stop below support for R:R ≥ 2.0.""}"
2024-07-31,long,2446.699951171875,,INVALID_RR,,,,0.65,Trending,Neutral,"{""asset"": ""GOLD"", ""regime"": ""Trending"", ""action"": ""long"", ""bias_score"": 0.65, ""entry_zone"": ""2415-2425 (near current price/consolidation high)"", ""profit_target"": 2500.0, ""stop_loss"": 2385.0, ""risk_reward_ratio"": 2.08, ""invalidation_condition"": ""Daily close below 2385 (break of recent swing low and EMA20 support)."", ""macro_catalyst"": ""Safe-haven demand amid geopolitical tensions; potential for central bank buying."", ""technical_setup"": ""Price firmly above rising EMA20 (2391.7). Weekly trend intact with new closing high (2435). Daily MACD positive and rising from recent dip, confirming renewed momentum."", ""justification"": ""Trending regime confirmed (price > EMA20, rising weekly closes). Daily RSI at 57.56 is not extreme, allowing for further upside. Entering near consolidation breakout area for continuation toward 2500. Stop placed below EMA20 and recent swing low.""}"
2024-08-07,no_trade,,,NO_TRADE,,,,0.3,Choppy,Neutral,"{""asset"": ""GOLD"", ""regime"": ""Choppy"", ""action"": ""no_trade"", ""bias_score"": 0.3, ""entry_zone"": ""N/A"", ""profit_target"": null, ""stop_loss"": null, ""risk_reward_ratio"": null, ""invalidation_condition"": ""N/A"", ""macro_catalyst"": ""缺乏明确催化剂，在近期上涨后盘整；美元走势和实际利率变化未提供"", ""technical_setup"": ""价格在EMA20(2397.3)附近振荡，略低于EMA20但高于EMA50(2371.23)；日线MACD正但下降(9.42)，RSI-14中性(49.74)；周线趋势仍上升但日线动量减弱"", ""justification"": ""日线处于盘整制度，无明确方向信号。周线趋势看涨但日线回调尚未触及关键支撑，MACD下降显示动量不足。等待价格突破盘整区间或回调至EMA50(2371)附近再考虑做多。""}"
2024-08-14,long,2451.800048828125,,INVALID_RR,,,,0.6,Trending,Neutral,"{""asset"": ""GOLD"", ""regime"": ""Trending"", ""action"": ""long"", ""bias_score"": 0.6, ""entry_zone"": ""2435 - 2445"", ""profit_target"": 2500.0, ""stop_loss"": 2410.0, ""risk_reward_ratio"": 2.06, ""invalidation_condition"": ""Daily close below 2410.0 (below EMA20 and recent support) followed by a break of 2390.5 (swing low), which would signal trend failure."", ""macro_catalyst"": ""Uptrend likely driven by expectations of lower real yields and geopolitical hedging; pullback offers entry."", ""technical_setup"": ""Price above rising EMA20 (2416.4) and EMA50 (2384.6); MACD positive; daily RSI-14 (56.4) cooled from overbought, providing a healthier entry in the trend."", ""justification"": ""Trending regime with pullback to EMA20 support. Long with R:R 2.06, stop below EMA20. Low volume likely a data anomaly (holiday/rollover), not a veto.""}"
2024-08-21,long,2504.10009765625,2483.0,STOP_LOSS,-0.8426,False,1.0,0.7,Trending,Neutral,"{""asset"": ""GOLD"", ""regime"": ""Trending"", ""action"": ""long"", ""bias_score"": 0.7, ""entry_zone"": ""2495.0 - 2510.0"", ""profit_target"": 2560.0, ""stop_loss"": 2483.0, ""risk_reward_ratio"": 2.03, ""invalidation_condition"": ""Daily close below 2483.0 (break of recent consolidation low and below ATR-based stop)."", ""macro_catalyst"": ""Potential persistent inflation hedging and central bank demand, despite high nominal yields."", ""technical_setup"": ""Price firmly above rising EMA20 (2448) and EMA50 (2405). Daily MACD rising and positive at 30.3. Weekly trend remains bullish (RSI 75.5)."", ""justification"": ""Strong Trending regime overrides high RSI. Price action shows consistent higher highs/lows. Target based on measured move from recent consolidation, stop set beyond structure with adequate ATR buffer. R:R >2 validated.""}"
2024-08-28,long,2504.10009765625,2563.0,TAKE_PROFIT,2.3521,True,11.0,0.65,Trending,Risk-Off,"{""asset"": ""GOLD"", ""regime"": ""Trending"", ""action"": ""long"", ""bias_score"": 0.65, ""entry_zone"": ""2490-2505"", ""profit_target"": 2563.0, ""stop_loss"": 2470.0, ""risk_reward_ratio"": 2.0, ""invalidation_condition"": ""Daily close below 2460 (below EMA20 and recent consolidation low) would break the uptrend structure."", ""macro_catalyst"": ""Safe-haven demand amidst potential risk-off sentiment; weekly trend remains strongly bullish with ETF inflows and geopolitical premium."", ""technical_setup"": ""Price above rising EMA20 (2470.66) and EMA50 (2423.31), positive MACD (30.29), weekly RSI 82.78 confirming strong trending momentum."", ""justification"": ""Trending regime with price above key EMAs. Daily consolidation near highs after strong weekly uptrend (RSI 82.78) represents a continuation setup. RSI 59.95 neutral, not overbought. Stop placed below EMA20 provides 31pt buffer (>0.8×ATR14=22.4).""}"
2024-09-12,long,2568.800048828125,,INVALID_RR,,,,0.7,Trending,Risk-Off,"{""asset"": ""GOLD"", ""regime"": ""Trending"", ""action"": ""long"", ""bias_score"": 0.7, ""entry_zone"": ""2515.0 - 2530.0"", ""profit_target"": 2615.0, ""stop_loss"": 2520.0, ""risk_reward_ratio"": 2.045, ""invalidation_condition"": ""Price closes below 2520.0, breaking key support and trend structure."", ""macro_catalyst"": ""Inflation hedges and geopolitical risk premium driving safe-haven demand."", ""technical_setup"": ""Price above rising 20-day and 50-day EMAs, daily MACD positive and increasing, weekly RSI at 82.22 confirming strong momentum."", ""justification"": ""Gold in clear bullish trending regime on daily and weekly; high RSI is momentum confirmation, not overbought warning; stop at 2520 (below today's low) and target 2615 for R:R >2, anchored to current price.""}"
2024-09-19,long,2590.39990234375,2648.0,TAKE_PROFIT,2.2236,True,3.0,0.8,Trending,Risk-Off,"{""asset"": ""GOLD"", ""regime"": ""Trending"", ""action"": ""long"", ""bias_score"": 0.8, ""entry_zone"": ""2575.0 - 2588.0"", ""profit_target"": 2648.0, ""stop_loss"": 2560.0, ""risk_reward_ratio"": 2.14, ""invalidation_condition"": ""Daily close below the rising EMA20 (currently 2528.15) and a MACD bearish cross."", ""macro_catalyst"": ""Safe-haven demand; potential anticipation of central bank easing, inflation hedge flows."", ""technical_setup"": ""Strong uptrend on all timeframes. Price above rising EMAs, MACD positive & rising, weekly RSI >85 confirming momentum. Daily RSI-14 at 68.38 is NOT overbought in this trending context."", ""justification"": ""Trending regime with price above rising EMAs, bullish MACD, and no bearish divergence on RSI. Weekly RSI >85 shows extreme momentum. Entry on current strength/pullback, target 2648 based on ATR extension.""}"
2024-09-26,long,2670.0,2649.9,STOP_LOSS,-0.7528,False,1.0,0.7,Trending,Neutral,"{""asset"": ""GOLD"", ""regime"": ""Trending"", ""action"": ""long"", ""bias_score"": 0.7, ""entry_zone"": ""2665-2675"", ""profit_target"": 2709.9, ""stop_loss"": 2649.9, ""risk_reward_ratio"": 2.0, ""invalidation_condition"": ""Price breaks below stop_loss at 2649.9, indicating potential trend reversal."", ""macro_catalyst"": ""US dollar weakness and safe-haven demand."", ""technical_setup"": ""Price above all EMAs, MACD bullish, RSI confirming momentum."", ""justification"": ""Strong trending regime with price above EMA20/50, rising MACD, and high RSI as momentum confirmation. No bearish divergence. ATR-based stop and target provide 2:1 R:R.""}"
2024-10-03,,,,NO_DATA,,,,0.6,Trending,Risk-Off,"{""asset"": ""GOLD"", ""regime"": ""Trending"", ""action"": ""long"", ""bias_score"": 0.6, ""entry_zone"": ""2650-2660"", ""profit_target"": 2712.0, ""stop_loss"": 2630.0, ""risk_reward_ratio"": 2.03, ""invalidation_condition"": ""Price closes below 2630.0, breaking key support and negating the uptrend."", ""macro_catalyst"": ""Supported by inflation concerns and safe-haven flows amid potential risk-off sentiment."", ""technical_setup"": ""Price above EMA20/50, MACD positive but narrowing, RSI high confirming momentum in uptrend."", ""justification"": ""Gold in strong uptrend above key EMAs with bullish momentum. Low volume today not a veto. Targeting 2712 with stop at 2630 for R:R >2.""}"
2024-10-10,long,2638.300048828125,,INVALID_RR,,,,0.65,Trending,Neutral,"{""asset"": ""GOLD"", ""regime"": ""Trending"", ""action"": ""long"", ""bias_score"": 0.65, ""entry_zone"": ""2615 - 2625"", ""profit_target"": 2685.0, ""stop_loss"": 2595.0, ""risk_reward_ratio"": 2.51, ""invalidation_condition"": ""Daily close below 2595.0 (previous weekly low and >0.8*ATR stop level)."", ""macro_catalyst"": ""Uptrend driven by monetary policy expectations and geopolitical premium, despite recent consolidation."", ""technical_setup"": ""Price above rising EMA20 (2612.86); Weekly trend strong (MACD rising to 68.94); Daily RSI (55.77) reset from overbought, providing a momentum entry within the trend."", ""justification"": ""Weekly uptrend intact (MACD rising). Daily price holding above rising EMA20 after a healthy RSI reset from extreme overbought levels. This is a pullback entry in a trending regime.""}"
2024-10-17,long,2713.699951171875,,INVALID_RR,,,,0.7,Trending,Neutral,"{""asset"": ""GOLD"", ""regime"": ""Trending"", ""action"": ""long"", ""bias_score"": 0.7, ""entry_zone"": ""2685.0 - 2695.0"", ""profit_target"": 2733.0, ""stop_loss"": 2670.0, ""risk_reward_ratio"": 2.0, ""invalidation_condition"": ""Daily close below 2670.0"", ""macro_catalyst"": ""Potential safe-haven demand amid uncertain macro; weak DXY inferred."", ""technical_setup"": ""Price above rising EMA20/50, bullish MACD, trending regime overrides high RSI."", ""justification"": ""Trending regime with bullish EMA alignment and rising MACD. High RSI (67.1) is momentum confirmation, not reversal. Stop at 2670 (0.94x ATR-14) gives R:R=2.0.""}"
2024-10-24,long,2725.5,2778.6,TAKE_PROFIT,1.9483,True,4.0,0.6,Trending,Neutral,"{""asset"": ""GOLD"", ""regime"": ""Trending"", ""action"": ""long"", ""bias_score"": 0.6, ""entry_zone"": ""2725 - 2735"", ""profit_target"": 2778.6, ""stop_loss"": 2711.6, ""risk_reward_ratio"": 2.02, ""invalidation_condition"": ""Daily close below 2711.6 (stop level) breaks recent higher low structure."", ""macro_catalyst"": ""Uptrend potentially driven by geopolitical risk, central bank demand, or inflation hedging."", ""technical_setup"": ""Price above rising EMA20 & EMA50, daily MACD positive and rising, RSI-14 at 68 confirms bullish momentum. Weekly chart shows extreme bullish momentum (RSI-14 ~91)."", ""justification"": ""Strong daily & weekly uptrend. RSI ~68 is momentum confirmation, not overbought in this regime. Target offers >2:1 R:R. Stop set below recent low (2714.4) with >0.8x ATR distance.""}"
2024-10-31,,,,NO_DATA,,,,0.65,Trending,Risk-Off,"{""asset"": ""GOLD"", ""regime"": ""Trending"", ""action"": ""long"", ""bias_score"": 0.65, ""entry_zone"": ""2725-2740"", ""profit_target"": 2805.0, ""stop_loss"": 2695.0, ""risk_reward_ratio"": 2.55, ""invalidation_condition"": ""Daily close below the 20-day EMA (2704.6) and rising 50-day EMA (2627.62)"", ""macro_catalyst"": ""Safe-haven demand, global M2 expansion, and potential central bank buying underpinning structural bull market."", ""technical_setup"": ""Golden Cross configuration (price > EMA20 > EMA50), weekly MACD rising, daily RSI-14 resetting from 75 to 61 within uptrend."", ""justification"": ""Trending bull regime intact. Today's -1.8% pullback from highs is a healthy correction within a strong uptrend (weekly RSI >89). Buy dip near rising 20-day EMA for continuation toward recent highs. Risk defined below EMA cluster.""}"
2024-11-07,no_trade,,,NO_TRADE,,,,0.4,Mean-Reverting,Neutral,"{""asset"": ""GOLD"", ""regime"": ""Mean-Reverting"", ""action"": ""no_trade"", ""bias_score"": 0.4, ""entry_zone"": ""N/A"", ""profit_target"": null, ""stop_loss"": null, ""risk_reward_ratio"": null, ""invalidation_condition"": ""N/A"", ""macro_catalyst"": ""Awaiting clearer macro catalyst (DXY, real yields)."", ""technical_setup"": ""Price below EMA20 (2708). Daily MACD positive but declining from 44.81 to 23.42. Daily RSI-14 at 50.89 (neutral). Weekly MACD at 84.48 but momentum may be stalling."", ""justification"": ""Regime is Mean-Reverting after sharp pullback from 2788.5 high. Daily momentum is waning (MACD declining) and price is below short-term EMA, suggesting consolidation. RSI neutral. No clear risk/reward setup with R:R ≥2.0 from current price.""}"
2024-11-14,short,2565.699951171875,2600.0,STOP_LOSS,-1.3369,False,2.0,0.7,Trending,Risk-On,"{""asset"": ""GOLD"", ""regime"": ""Trending"", ""action"": ""short"", ""bias_score"": 0.7, ""entry_zone"": ""2565-2575"", ""profit_target"": 2504.0, ""stop_loss"": 2600.0, ""risk_reward_ratio"": 2.02, ""invalidation_condition"": ""Daily close above 2600 (stop level) breaking the recent lower-high structure."", ""macro_catalyst"": ""Strong Dollar (DXY) environment reducing safe-haven demand; rising real yields pressuring non-yielding gold."", ""technical_setup"": ""Price far below declining 20 & 50-day EMA; MACD negative and accelerating down; RSI-14 at 33 confirms bearish momentum, not oversold reversal in a downtrend."", ""justification"": ""Bearish Trending regime. Price broke key support after a parabolic run. MACD and EMA alignment confirm strong downtrend. Short on current level/bounce with 2:1 R:R.""}"
2024-11-29,,,,NO_DATA,,,,0.3,Mean-Reverting,Neutral,"{""asset"": ""GOLD"", ""regime"": ""Mean-Reverting"", ""action"": ""no_trade"", ""bias_score"": 0.3, ""entry_zone"": ""N/A"", ""profit_target"": null, ""stop_loss"": null, ""risk_reward_ratio"": null, ""invalidation_condition"": ""N/A"", ""macro_catalyst"": ""Post-correction phase after geopolitical risk premium eased; awaiting clearer signals from real yields or CPI data."", ""technical_setup"": ""Price consolidating near EMA20 (2650.43), MACD negative but converging (-8.09), RSI-14 neutral (50.68), no extreme overbought/oversold signals."", ""justification"": ""Mean-reverting regime with neutral RSI and MACD convergence; price lacks clear directional momentum or extremes for swing entry. Risk-reward insufficient for defined setup.""}"
2024-12-06,no_trade,,,NO_TRADE,,,,0.2,Choppy,Neutral,"{""asset"": ""GOLD"", ""regime"": ""Choppy"", ""action"": ""no_trade"", ""bias_score"": 0.2, ""entry_zone"": ""N/A"", ""profit_target"": null, ""stop_loss"": null, ""risk_reward_ratio"": null, ""invalidation_condition"": ""N/A"", ""macro_catalyst"": ""Awaiting clearer macro cues (Fed policy, inflation data)"", ""technical_setup"": ""Price consolidating between EMA20 (2646) and EMA50 (2638), MACD negative but narrowing, RSI neutral."", ""justification"": ""Gold in choppy consolidation after pullback; no clear trend direction. Low volume anomaly noted but not decisive. Wait for breakout above EMA20 (2646) or breakdown below EMA50 (2637) for directional bias.""}"
2024-12-20,no_trade,,,NO_TRADE,,,,0.3,Mean-Reverting,Neutral,"{""asset"": ""GOLD"", ""regime"": ""Mean-Reverting"", ""action"": ""no_trade"", ""bias_score"": 0.3, ""entry_zone"": ""N/A"", ""profit_target"": null, ""stop_loss"": null, ""risk_reward_ratio"": null, ""invalidation_condition"": ""N/A"", ""macro_catalyst"": ""Correction within a long-term uptrend; awaiting clearer macro catalyst or technical resolution."", ""technical_setup"": ""Price below declining EMA20 (2649), negative MACD (-6.05), neutral RSI (46.6). Daily chart shows a clear corrective decline from 2733 high to 2592 low, followed by a weak bounce."", ""justification"": ""Regime is Mean-Reverting (corrective). Current neutral RSI and bearish daily momentum (negative MACD, price below EMA) provide no clear edge for a long. A short is inadvisable against the dominant weekly uptrend (weekly RSI 65.6, still bullish but cooling). Wait for price to reclaim EMA20 or for RSI to reach an oversold extreme with bullish divergence.""}"
